CustomerId,recency,frequency,total_value
12347,2,8,704.2
12348,75,5,403.9
12350,310,1,334.4
12352,36,10,285
12353,204,2,203.4
12355,214,2,473.8
12360,52,8,531.6
12361,287,4,127.8
12362,3,11,486.9
12364,7,4,328.3
12365,291,2,320.7
12366,633,1,500.2
12367,4,1,168.9
12369,413,3,597.1
12370,51,7,617.2
12372,71,3,432.7
12373,311,3,375.9
12374,25,4,747.3
12375,10,2,228.8
12376,389,2,251.6
12379,81,4,405.1
12381,4,5,369.1
12383,184,5,370.1
12384,28,2,292.6
12386,337,2,330.4
12387,415,1,143.9
12388,15,8,487.6
12389,402,3,477.8
12390,79,1,549.8
12391,21,6,462.2
12392,591,1,234.8
12393,72,6,399.9
12394,63,2,636.2
12395,19,15,337.8
12399,119,7,280.3
12400,414,1,205.2
12401,303,1,84.3
12402,323,6,209.5
12403,49,2,509.7
12404,682,1,63.2
12407,49,5,341.6
12408,32,8,542.6
12410,308,3,337.9
12411,409,1,346.9
12412,74,6,432.8
12413,66,4,249.9
12414,217,6,158.7
12416,656,1,202.6
12418,112,4,505.3
12419,385,2,251.5
12420,63,1,600.4
12421,15,6,183.1
12423,0,10,262.2
12426,194,2,672.6
12427,21,3,376.4
12430,43,1,256.4
12434,84,3,367.8
12436,99,1,509
12439,682,2,579.1
12440,462,2,429.6
12441,366,1,347.1
12442,3,1,172.1
12443,732,1,485.3
12445,22,2,217.5
12447,243,1,476.5
12448,44,1,449.4
12450,156,5,137.6
12452,16,2,215.3
12453,134,1,707.1
12455,73,10,588
12457,66,8,374.5
12458,71,4,444.4
12459,605,1,454.4
12460,456,1,326.6
12461,94,2,413.4
12462,18,2,594.8
12463,53,4,336.2
12464,10,8,151.5
12465,17,2,371.1
12466,682,1,56.7
12468,187,5,734.1
12475,53,2,574.8
12478,3,1,681
12479,11,1,527.2
12484,32,12,530.8
12485,529,1,708.1
12487,730,1,285.3
12488,9,3,432.9
12489,336,1,334.9
12491,38,1,460.4
12492,63,3,238.4
12493,165,2,216.9
12494,15,9,208.1
12495,640,1,357.4
12496,620,2,27
12498,21,3,134.6
12499,560,1,393.7
12502,95,5,744.8
12504,18,4,194.8
12506,232,1,73.5
12507,134,4,461
12508,26,2,199.1
12509,284,1,176.5
12510,142,9,575.3
12512,66,2,69
12513,112,1,612.3
12515,353,1,383.7
12516,77,4,662.2
12517,28,5,500.6
12518,0,5,411.4
12519,63,2,363.3
12520,79,5,526.9
12521,142,1,599.7
12522,39,2,96.4
12525,498,3,324.6
12526,0,3,438.9
12527,81,5,147.1
12528,9,6,322.2
12529,528,1,316.5
12530,59,9,417.7
12532,30,1,349.8
12533,627,2,683.9
12535,91,2,358.2
12537,408,1,732.9
12538,29,2,320.2
12541,29,3,327.1
12542,484,2,240.9
12544,36,1,372.7
12545,75,2,500.2
12546,46,2,580.8
12547,197,3,127.9
12548,166,1,95.2
12551,357,1,168
12552,38,2,218.9
12553,8,12,384.1
12554,448,1,468.5
12555,682,1,129.2
12556,50,2,301.9
12559,310,2,280.9
12560,5,3,711.3
12561,302,1,238.8
12562,8,9,551.9
12563,408,1,249.2
12564,261,1,456.9
12565,288,1,145.9
12566,86,1,351.6
12568,644,1,70
12570,682,1,77.5
12571,39,2,259.8
12572,8,2,510.2
12573,227,5,143.5
12574,315,1,218.5
12575,457,2,311.4
12576,35,8,267.8
12577,35,8,206.7
12579,78,1,440.4
12580,246,2,526.5
12581,39,1,197.7
12582,238,4,495.1
12584,3,9,259.8
12586,17,4,515.7
12587,7,1,144
12588,39,4,239.7
12589,28,8,587
12591,317,3,450.7
12592,92,5,516.5
12593,108,3,139.4
12594,37,15,339.3
12595,504,1,299
12596,51,2,309.1
12598,9,11,412.2
12599,29,13,176.7
12601,189,6,113.5
12602,58,1,153.1
12603,21,1,739.2
12604,79,2,127.1
12605,376,4,308.2
12606,682,1,21
12608,404,1,415.8
12609,78,9,381.8
12610,22,5,419.9
12612,74,1,704
12613,57,10,683.5
12614,277,1,315.6
12615,2,8,717.6
12616,95,3,377
12617,29,1,355.5
12618,21,1,177.3
12619,16,10,378.1
12620,14,3,446.5
12622,232,1,180.1
12623,276,7,535.4
12624,106,2,320.6
12626,23,9,735.6
12627,10,7,639.8
12628,4,3,262.2
12630,9,2,635.4
12631,57,6,580.3
12632,520,2,402.4
12635,89,4,732.6
12637,67,12,695
12638,33,2,460.7
12639,238,3,437.5
12640,23,3,391.5
12641,115,1,185.9
12642,25,3,337.8
12643,128,12,695.9
12644,129,4,479.6
12645,33,8,442.4
12648,154,4,278
12649,107,8,286.8
12650,3,1,314.4
12651,334,4,94.4
12652,331,2,508.5
12654,10,5,120.4
12655,423,1,261.4
12657,11,4,410.8
12658,18,1,686
12659,29,1,91.7
12660,11,1,245.1
12661,436,1,162
12663,624,2,119.7
12664,8,11,551.8
12665,324,3,104.5
12667,58,1,620.1
12670,10,7,537.2
12672,329,2,218.5
12673,5,3,410
12674,38,4,492.6
12675,553,2,479.2
12676,24,11,258.5
12677,555,2,197.6
12679,58,4,278.3
12680,0,4,220.2
12684,7,7,326.2
12685,28,6,477.2
12686,371,1,178.3
12689,25,2,623.8
12690,205,1,389
12691,28,7,167.2
12692,637,1,111
12693,127,7,243.3
12694,70,3,614.4
12695,7,7,201
12696,434,2,426
12697,28,3,319.2
12698,590,1,339.8
12699,417,1,638.1
12701,79,6,407.7
12702,19,1,219
12703,71,4,251.6
12704,7,8,292.6
12707,291,1,603.4
12710,96,3,383
12711,611,2,669.5
12715,106,1,353.9
12716,3,2,526.7
12717,151,3,436.3
12718,71,1,238.2
12719,5,2,322.5
12721,31,8,501.6
12722,85,4,249.4
12723,3,5,145
12724,5,7,331.1
12725,371,4,673.6
12726,28,11,365
12727,10,10,568
12728,71,5,214
12729,113,1,453
12732,179,1,236.3
12734,352,3,213.2
12735,315,2,389.8
12736,332,1,234
12738,372,1,310.7
12740,63,1,427.6
12745,486,2,361.9
12746,540,1,254.6
12749,3,9,766.4
12750,128,1,275.9
12751,444,1,268.3
12756,86,1,112.1
12757,15,13,604.4
12763,138,2,407.1
12771,485,1,282.3
12773,564,1,124.2
12776,667,1,55.5
12777,457,1,519.5
12779,37,14,480.2
12782,4,11,419.8
12783,2,6,371
12784,9,3,601.6
12785,364,3,366.8
12792,256,2,413.5
12793,334,3,339.1
12794,53,2,430.2
12795,18,1,430.5
12797,365,2,403.1
12799,529,1,219.3
12800,470,3,194.8
12807,383,1,330.3
12808,36,5,181.2
12809,177,3,585.3
12810,534,2,267.5
12811,260,5,206.8
12812,44,1,229.6
12814,101,1,125.9
12815,147,2,531.7
12816,95,2,286.1
12817,281,3,230.3
12819,458,1,540.5
12820,3,11,244.5
12821,214,2,110.4
12822,70,2,474.4
12824,59,1,397.1
12825,521,2,259.3
12826,2,12,246.3
12827,5,3,143.4
12828,2,6,169.8
12829,336,3,128.4
12831,262,3,150.4
12832,32,2,191.5
12833,145,1,417.4
12834,282,1,312.4
12836,59,15,439
12837,173,2,344.2
12838,33,10,339.8
12840,143,7,577.4
12842,70,4,479.5
12844,29,4,162.2
12845,267,4,88.5
12846,682,1,15.6
12848,675,1,208
12849,31,6,515.1
12850,445,1,330
12851,96,2,142.1
12852,294,1,311.6
12853,134,11,355.2
12854,78,7,427.7
12855,372,4,162.7
12856,7,6,363.3
12857,210,6,614.7
12858,383,1,177.9
12859,458,1,575.1
12860,693,1,55.5
12861,619,1,68.2
12862,425,2,504.2
12863,52,6,465.4
12864,138,2,149.8
12866,283,3,409.1
12867,26,13,608.7
12868,185,8,280.9
12869,681,1,337.7
12870,375,3,559
12871,84,3,248
12872,326,12,307.1
12873,282,3,675.8
12874,385,2,474.2
12875,143,5,271.4
12878,236,2,427.5
12879,44,3,191.1
12880,381,2,320.1
12881,275,1,298
12882,9,2,731.5
12883,24,4,175.9
12884,88,1,309
12885,63,3,391.7
12886,67,2,689.2
12887,383,1,222.4
12888,214,2,177.1
12889,381,4,96.4
12890,24,2,358.6
12891,185,11,76.4
12892,396,1,263.4
12893,30,1,188.1
12894,575,1,157.3
12895,42,2,186.4
12897,204,4,128.6
12898,463,2,155.5
12899,413,1,366.4
12900,422,1,340.3
12902,264,1,138.7
12904,18,2,254.8
12905,576,2,509.2
12906,11,5,584
12907,395,2,254.5
12908,176,5,355.2
12909,39,8,387.9
12910,23,13,445.9
12912,2,5,332.5
12913,4,13,515.5
12914,400,1,224
12915,148,4,293.7
12916,138,7,664.9
12917,128,6,726.5
12919,8,6,222.5
12920,17,4,122
12922,161,1,405.4
12923,64,3,263.3
12924,88,12,205.8
12925,4,3,243.1
12926,411,4,387.1
12927,394,1,197.3
12928,35,12,358.7
12929,311,1,117.8
12930,78,2,207.9
12932,539,8,212.3
12933,24,8,210.9
12934,736,1,181.7
12935,2,15,282.9
12936,17,4,266
12937,15,9,344.2
12938,25,1,114.1
12940,54,2,456.8
12941,724,1,377.5
12942,131,3,314.2
12943,558,2,248.2
12944,35,2,302.3
12945,288,2,450.1
12946,436,1,324.4
12947,143,6,318
12948,16,9,257.5
12950,2,3,614.3
12951,8,15,214.2
12952,5,4,346.9
12953,9,2,414.4
12954,638,1,162.4
12955,1,11,432.5
12956,306,4,130.5
12957,9,13,669.8
12958,400,2,269.7
12959,484,1,150.9
12960,413,4,330.5
12961,379,1,212
12962,7,2,133.2
12963,8,12,300.1
12964,437,1,132.2
12965,89,1,771.9
12966,9,1,160.2
12968,112,1,135.9
12969,602,1,122.4
12970,7,10,152.5
12972,413,4,290.3
12973,413,1,385.6
12974,197,2,204.5
12975,436,6,350
12976,211,8,394.5
12977,156,4,129.4
12978,385,5,500.6
12981,29,2,186.1
12982,242,8,343.1
12983,598,1,490.1
12984,18,1,97.5
12985,0,2,619.7
12986,428,10,273
12987,73,5,262.4
12988,292,1,535.3
12990,31,7,136.5
12991,23,3,254.9
12992,725,1,93.4
12993,23,8,157.5
12994,4,3,324.8
12995,85,1,211.3
12996,375,1,355.5
12997,22,8,263.9
12998,492,3,306.7
12999,196,3,152
13000,106,4,258.1
13002,318,3,138
13003,105,3,49.7
13005,173,4,249.9
13006,56,1,81.6
13007,579,1,175.2
13008,323,3,204
13009,672,1,234
13010,374,2,165.1
13011,372,1,101.1
13012,9,11,270.3
13014,10,11,489.2
13015,53,11,598.8
13016,73,3,263.3
13017,7,1,204
13019,379,6,205
13020,562,2,309.5
13022,429,1,65.3
13023,64,3,483
13024,470,2,277.9
13025,731,1,323.4
13026,1,9,192.6
13028,22,2,330.7
13029,30,5,385.5
13030,11,2,613.6
13031,407,5,683.9
13032,52,9,316
13033,357,2,110.3
13034,54,3,307.6
13035,73,3,454.7
13036,684,1,307.1
13037,138,12,326.2
13038,80,3,302.8
13039,584,4,252.7
13040,8,2,338.5
13041,450,4,199.8
13042,598,3,518.8
13043,273,1,516.4
13044,291,11,441.3
13045,99,3,269.6
13046,30,3,316.4
13048,14,9,453.8
13049,64,4,352.1
13051,578,2,77.9
13052,212,7,452.6
13053,621,1,127.6
13055,78,4,580.3
13056,551,1,209.5
13057,530,3,240.7
13058,24,3,90.5
13059,249,10,230.3
13060,253,1,307.5
13061,72,1,248.6
13062,191,1,347
13063,480,1,188.4
13064,12,6,280.1
13065,373,5,252.2
13066,24,2,235.4
13067,82,3,169.5
13068,10,2,172
13070,192,4,187.9
13071,612,1,129.2
13072,266,1,177.2
13073,411,2,209
13074,511,4,344.7
13076,457,1,135.4
13077,1,11,278.6
13079,4,6,69.9
13080,179,4,70.2
13083,4,3,131.8
13084,491,1,122.4
13085,157,8,304.2
13086,382,1,439.3
13087,726,1,313.6
13088,417,1,236.1
13091,28,3,773.9
13092,70,12,178.4
13094,21,13,187.2
13095,70,1,74.4
13096,394,1,419.7
13099,99,1,207.4
13101,234,4,173.8
13103,39,3,236.5
13104,3,9,189.9
13105,436,1,72
13106,133,2,301.7
13107,44,9,583.7
13108,372,2,549.3
13109,59,3,378
13110,31,12,246.5
13111,718,1,321.9
13112,541,1,20.6
13114,730,1,234.4
13115,11,10,549.5
13116,138,1,501.1
13118,19,9,268.4
13119,668,1,134.9
13120,238,1,30.6
13121,269,1,283.7
13122,94,2,461.2
13123,472,2,253.4
13125,523,1,158.6
13126,4,13,307.6
13127,77,1,259.2
13128,631,1,263.5
13129,452,2,116.6
13130,94,1,64
13131,23,7,473.4
13132,261,1,77.3
13133,273,3,66.8
13134,85,6,412.5
13136,56,13,482.7
13138,22,7,209.6
13140,108,5,243.1
13142,19,1,307.1
13143,584,1,405.1
13144,332,2,67.7
13145,39,7,203.4
13146,26,1,228.9
13147,10,4,178.2
13149,14,4,419
13150,484,3,150
13152,417,7,306.6
13153,5,1,486.2
13154,399,3,541.6
13155,33,6,291.7
13156,385,3,528.8
13157,49,9,631.9
13158,94,5,301.6
13159,8,4,359.5
13160,22,1,91.8
13161,313,2,239.4
13163,610,1,17.6
13164,569,2,186.1
13165,46,3,483.7
13166,283,2,442.1
13167,18,5,225
13168,36,5,375.1
13169,63,3,280
13170,26,1,116
13171,21,3,156.1
13172,400,1,69.6
13173,4,11,239.9
13175,582,2,415.7
13176,46,1,492.8
13177,64,2,256.1
13179,618,1,572.3
13180,607,1,86.1
13181,381,1,359.7
13182,45,1,121.2
13183,7,15,469.1
13184,14,10,170.1
13185,267,1,71.4
13186,39,3,525.3
13187,337,4,91.8
13188,11,1,114.6
13189,18,2,130.3
13190,544,3,190.2
13191,658,1,164.7
13192,95,6,426.4
13193,61,1,117.9
13194,135,2,236.4
13195,414,1,172.4
13196,11,7,438.4
13197,609,1,373
13198,10,8,621.8
13200,19,4,217.5
13201,502,4,310.2
13202,394,7,225.8
13203,9,10,264.8
13206,400,13,644.4
13207,15,4,134
13208,58,9,220.9
13209,30,13,654.6
13210,93,1,353.5
13211,10,10,272.9
13212,19,3,262.7
13213,56,11,350.1
13214,417,7,466.3
13215,402,1,81.6
13216,267,1,333.7
13217,122,4,166.6
13218,127,1,62.6
13219,618,1,76.2
13220,78,5,267.2
13221,240,2,423.7
13222,577,1,88.5
13223,200,6,161.5
13226,273,2,156.2
13227,201,1,257.7
13228,81,1,358
13229,225,1,160.9
13232,12,7,193.9
13233,74,4,294.1
13234,672,2,178.5
13236,24,2,372.4
13237,387,1,643
13238,17,6,167.8
13239,261,5,318.9
13240,96,8,217.3
13241,411,1,115.6
13242,112,7,99.9
13243,203,5,255.6
13244,92,1,121.7
13245,50,2,494.6
13246,18,11,307.9
13247,17,4,125.3
13248,124,2,232.8
13249,92,9,178.8
13250,460,2,128
13251,402,1,252.7
13252,394,2,199.7
13253,156,4,737.8
13254,376,1,51.4
13255,9,3,301.5
13257,436,1,149.8
13258,11,5,207
13259,61,9,159.3
13260,61,1,557.6
13261,268,2,472
13262,263,3,191.2
13264,442,1,722.6
13265,53,5,421.5
13268,17,11,292.2
13271,37,1,217.4
13272,31,2,138.3
13273,113,1,139
13274,409,1,360.9
13275,383,2,120.8
13276,63,5,387.9
13277,15,7,74.8
13278,40,4,359
13279,78,1,137.8
13280,122,7,331.8
13281,439,1,350.9
13282,18,4,328.3
13283,59,4,93.3
13284,330,1,201.2
13285,23,6,560.8
13286,600,1,734.9
13287,603,3,260.5
13288,443,5,185.5
13289,723,1,308
13290,438,1,208.6
13291,155,11,301.9
13292,38,5,198.9
13293,392,6,198.8
13294,189,3,563.2
13295,359,4,275.5
13296,137,6,132.1
13297,7,7,624.1
13298,1,1,360
13299,268,3,406.2
13300,169,3,428.5
13301,103,4,154.5
13302,155,2,79.6
13303,400,1,61.7
13304,351,4,304.5
13306,430,1,53.6
13307,120,3,91.1
13308,22,4,417.6
13309,7,6,284.4
13310,28,5,308.2
13311,4,2,299.3
13312,451,1,124.8
13313,22,12,287.1
13314,1,3,258.6
13315,689,1,310.3
13318,1,3,213.6
13320,78,6,371.3
13321,72,2,283.7
13322,17,1,199.5
13323,3,5,157.6
13325,81,1,675.3
13326,432,1,281.8
13329,31,8,639.1
13330,92,6,467.7
13331,401,1,262.4
13332,14,1,350.9
13333,411,3,338.6
13338,157,4,611.4
13343,177,1,353.4
13345,287,1,389.5
13346,462,6,49.9
13347,70,1,341.4
13348,64,1,233.8
13349,10,1,247.3
13350,16,2,489.6
13351,66,1,373.9
13352,60,1,398
13354,71,1,743.5
13355,122,1,674.7
13356,80,1,768.2
13357,257,5,767.7
13358,268,1,439
13359,63,2,521.7
13360,431,4,388.4
13361,472,2,725.2
13362,9,7,770.6
13363,17,3,574.6
13364,71,1,135
13366,50,1,56.2
13367,431,1,510.2
13368,256,4,280.4
13369,365,1,616.6
13372,89,1,378.6
13374,414,2,211.4
13376,99,3,339.9
13379,26,3,190.9
13380,432,1,62.4
13381,31,12,685.4
13382,280,5,277.5
13383,543,1,305.3
13384,30,11,607.3
13385,329,1,534.6
13386,414,2,417.7
13387,417,1,189.4
13388,131,3,395.2
13389,11,3,266
13390,74,1,544.1
13391,203,1,59.8
13392,677,1,91.1
13393,583,4,282.9
13395,185,3,393.4
13396,29,2,680.5
13397,72,10,319.2
13398,192,2,335.2
13399,464,3,91.8
13400,582,1,310.8
13402,127,4,383.8
13403,17,3,76.5
13404,1,2,126.2
13405,74,6,202.3
13406,427,2,284.5
13407,578,3,748.2
13410,24,9,244.7
13411,107,1,213.6
13412,620,1,487.3
13413,639,6,71.6
13414,133,6,415.7
13415,472,4,200.2
13416,43,3,313.6
13417,4,6,278.2
13419,63,1,221.1
13420,149,2,79.9
13421,40,8,512.9
13423,428,1,217
13424,449,1,572.8
13425,108,5,680.7
13427,19,6,167.8
13428,10,3,166.7
13429,10,4,251.7
13430,18,2,339.7
13431,67,8,414.5
13432,571,2,219.6
13433,501,4,164.6
13434,74,5,333.4
13435,5,9,497.2
13436,1,1,196.9
13437,14,7,486.9
13438,547,1,46.5
13439,255,3,328.9
13440,423,7,185
13441,91,2,360.4
13442,667,3,140
13443,448,6,213.4
13444,374,2,315.8
13445,626,1,241.9
13446,430,11,352.9
13447,23,3,376.4
13448,16,13,710.8
13449,23,1,291.9
13450,26,13,316.9
13451,26,11,653.7
13452,259,3,243.3
13453,165,3,260.6
13454,641,1,219.9
13455,24,6,484.3
13456,17,6,294.5
13457,688,2,74.1
13459,624,2,580.2
13460,29,2,91.7
13461,38,6,693.3
13462,252,5,230.8
13464,58,6,516.3
13465,446,2,465.6
13466,184,5,202.7
13467,10,2,541.9
13469,653,1,82.4
13470,99,2,82.5
13471,1,4,632.9
13472,463,2,296.1
13473,60,8,332.2
13474,236,3,221.3
13475,191,4,357.9
13476,178,5,412.3
13477,37,11,257.7
13478,469,5,443.2
13479,200,4,212.8
13480,416,2,313.9
13481,45,11,348.3
13482,232,2,168
13483,65,1,140.3
13484,241,3,263.6
13485,233,11,274.5
13486,78,3,374.1
13487,57,5,169.4
13489,105,4,112.4
13490,654,1,154.2
13492,136,3,423.3
13493,275,2,309.3
13494,311,1,316.3
13495,7,10,537.4
13496,10,2,326.7
13497,282,6,220.1
13498,730,1,327.4
13499,17,5,231.8
13500,23,4,366.6
13502,16,5,156.1
13503,71,6,317.6
13504,64,1,295.9
13506,316,5,327.8
13507,3,4,619.8
13508,243,2,143.5
13509,8,8,139.3
13510,1,11,414.4
13511,676,1,282.8
13512,260,4,178.3
13513,126,3,274.9
13514,73,4,204
13515,72,6,211
13516,21,4,421.3
13517,59,3,709.5
13518,85,1,659.4
13519,78,2,171.6
13520,58,11,628.1
13521,1,3,364.6
13522,30,1,125.8
13524,40,5,136
13525,14,2,314.4
13526,738,2,591
13527,33,12,390.3
13529,78,2,153.9
13530,634,1,403
13531,205,6,289.8
13532,33,1,210.3
13533,182,3,90.3
13535,402,1,89.5
13536,1,7,492.6
13537,425,2,358.9
13538,43,12,259.4
13539,85,7,224.2
13540,467,3,210.8
13541,427,2,392.6
13543,634,2,719.8
13544,39,6,138.2
13545,390,2,187.3
13546,12,5,218.4
13547,408,1,175.5
13548,96,3,303
13549,25,8,125.7
13550,383,1,349.5
13551,319,2,122.1
13553,674,1,517.8
13554,380,7,234
13555,73,13,692.2
13556,429,2,100.4
13557,28,13,233.3
13558,5,4,151.3
13559,512,2,495
13560,7,1,174.4
13561,215,11,165.5
13562,81,8,604.8
13563,84,2,388.8
13565,19,3,138.3
13566,40,5,341.6
13567,428,4,270.9
13568,173,1,192.8
13569,17,4,223.4
13570,243,1,239.5
13573,50,6,152.7
13574,411,1,421.2
13575,23,5,146.4
13577,25,11,317.2
13578,409,1,147.7
13579,14,5,307.8
13580,406,1,107.8
13581,309,2,140.3
13582,389,2,120.8
13583,155,2,722.5
13584,306,3,130.8
13585,530,3,228.2
13586,541,1,131.5
13587,63,4,418.4
13588,15,9,275.4
13589,14,6,186.8
13591,64,7,299.1
13592,35,4,62
13593,108,14,394.5
13594,52,2,266.7
13595,516,3,272.7
13596,5,2,348.5
13597,400,2,198.4
13598,47,5,157.9
13600,312,2,259.2
13601,45,4,296.3
13602,64,4,256.3
13603,26,1,164.3
13604,658,1,717.6
13605,387,2,261.3
13606,29,3,93.5
13607,40,2,539.2
13608,540,1,236.2
13609,593,1,167.3
13610,12,14,155.4
13611,89,10,332
13613,452,5,208
13614,24,6,393.2
13616,568,2,144.1
13617,40,8,159.8
13618,173,1,177.3
13619,544,2,115.8
13620,528,1,112.3
13621,116,1,213.8
13622,696,1,659
13623,30,10,256.6
13624,388,1,462.1
13625,596,1,301.3
13626,252,2,353.5
13627,59,7,320.8
13628,676,1,310.1
13630,5,7,290.3
13631,99,11,279.1
13632,24,8,456
13635,67,4,749.8
13636,36,5,189.8
13637,52,3,270.2
13638,15,1,122.6
13639,74,2,673.1
13640,611,1,405
13641,640,5,203.3
13642,215,4,128.7
13643,31,10,215.7
13644,16,4,656.1
13645,120,1,252.1
13646,399,2,163.1
13647,9,8,384
13648,400,8,220.5
13649,256,6,279.8
13650,16,10,328.8
13651,35,3,75.6
13652,45,5,514.2
13653,487,1,152.2
13654,43,11,573.5
13655,114,6,380.1
13656,164,4,269.7
13657,10,2,191.1
13658,9,9,669.5
13659,205,12,407.9
13660,400,1,314.6
13661,603,1,325.2
13662,85,11,204.6
13663,179,5,409.5
13665,386,3,570.6
13666,60,5,25.6
13667,149,1,305
13669,50,3,137.8
13670,75,1,349.7
13671,394,1,194.9
13672,301,3,140
13673,18,2,198.5
13674,432,1,240.7
13675,151,2,243.4
13676,539,2,122
13677,404,2,278.1
13678,151,1,232.6
13679,493,3,93.8
13681,17,4,207
13682,187,1,59.5
13683,457,1,258.6
13684,285,4,149.2
13685,2,7,445.6
13686,182,3,136.3
13688,635,1,375.5
13689,63,2,629.8
13690,59,1,172.2
13691,396,1,212.8
13692,24,5,622.9
13693,374,9,223.5
13696,421,3,673.5
13697,38,1,151.3
13698,596,2,232.8
13699,155,2,382.1
13700,26,13,201
13701,446,1,161
13702,445,1,135.2
13703,318,2,212.8
13704,5,9,256.5
13705,7,7,290.8
13706,302,2,315.6
13707,267,5,673.2
13708,271,1,296.9
13710,31,3,169.8
13711,218,9,199.1
13712,246,2,383.2
13713,408,3,247.8
13714,465,1,161.3
13716,269,1,138.3
13717,32,8,220.4
13718,246,2,153.3
13719,15,11,255.9
13720,116,4,200
13721,36,2,370.8
13722,131,10,563.5
13723,217,6,201.5
13724,637,1,213
13725,49,8,247.6
13726,38,2,539.8
13727,28,8,135
13729,435,3,241.6
13730,135,2,376.3
13731,219,2,305.3
13732,28,1,491.9
13733,410,2,243.5
13735,24,13,754.9
13736,5,7,395.2
13737,200,1,339.6
13738,396,1,440.9
13739,18,2,146.1
13740,240,5,319.6
13741,71,3,222.8
13742,16,12,260.9
13743,2,7,191.7
13744,95,2,578.2
13745,162,2,388.7
13746,413,1,176.7
13747,373,2,124.7
13748,95,9,252
13750,53,11,327.5
13751,288,1,296.2
13752,124,7,227.2
13753,287,4,523.6
13754,151,3,149
13755,3,9,240.1
13757,674,1,195.6
13758,11,15,627.8
13759,33,2,329.7
13760,54,5,272.7
13761,50,6,325.4
13762,218,5,494.5
13764,70,6,492.2
13765,653,1,352.8
13766,495,1,190.3
13768,726,2,438
13770,422,4,196.3
13771,64,9,636.5
13772,33,8,389.3
13773,396,2,150.8
13774,81,1,345
13776,428,2,312
13778,103,4,281.1
13779,515,1,161.1
13780,7,3,245.3
13781,250,3,259.6
13782,12,13,138
13783,487,4,385.5
13784,9,14,207.9
13785,428,4,135.6
13786,367,6,559.8
13787,75,6,203.8
13788,505,1,3.8
13789,388,1,239.5
13790,4,1,348.8
13791,127,2,758
13792,66,3,128
13793,646,1,96
13794,546,1,126
13795,388,4,209.1
13796,499,1,289.7
13797,436,3,393.2
13799,116,9,311.5
13800,309,3,559.9
13801,66,1,324.8
13803,255,3,446.3
13804,30,9,356.5
13805,52,2,462.3
13806,63,1,256.4
13807,367,3,178.3
13808,5,5,349.5
13809,305,3,226.6
13810,28,3,499.7
13811,183,3,271.5
13812,42,3,179.7
13813,39,8,345.7
13814,92,3,752.4
13816,23,2,285.8
13817,29,2,191.5
13818,429,1,61.3
13819,301,6,440.4
13820,418,3,220.2
13821,144,6,235.1
13822,5,2,316
13823,18,7,486.2
13824,32,12,276.2
13825,621,2,127.8
13826,176,1,189.5
13827,57,3,137.3
13828,22,1,209.5
13829,421,1,102
13830,581,1,156.9
13832,19,2,306.8
13833,159,2,350.7
13834,576,2,162.1
13835,25,7,156.5
13836,399,2,310.2
13837,211,2,135.6
13838,5,10,196.6
13839,486,1,140
13840,416,1,651.4
13841,252,1,85
13843,381,1,319.8
13844,11,1,361.6
13845,64,1,313
13846,24,4,326.9
13847,719,1,310.7
13848,92,8,416.9
13849,51,5,693.9
13851,95,8,575.8
13852,610,1,187.4
13855,500,4,327.6
13856,168,11,103.8
13857,393,6,166.8
13858,57,1,216.2
13859,326,2,257.9
13860,1,5,249.2
13861,429,2,136.6
13862,18,9,284
13863,247,4,309.9
13864,386,1,662.4
13865,58,4,125.4
13866,74,1,145.7
13867,31,3,338.4
13870,2,15,380.8
13872,527,3,306.5
13873,119,8,129.9
13874,358,7,292.7
13875,53,14,343.9
13876,63,1,122.7
13877,86,3,149.9
13878,54,4,618.3
13879,645,1,395.5
13882,2,5,238.2
13883,10,15,437.3
13884,7,10,188.8
13885,189,2,253.4
13886,71,1,243.6
13887,204,1,349.6
13888,119,7,309.9
13889,92,6,331.9
13890,1,14,209.1
13891,378,3,287.9
13892,26,6,211.3
13894,23,3,188.2
13895,28,6,668.1
13896,625,1,388.6
13897,50,3,386.9
13898,325,2,343.2
13899,16,2,194.3
13900,183,6,268.4
13901,72,15,378.4
13903,400,1,165.5
13904,37,2,166.3
13905,732,1,312.7
13906,409,1,42
13907,691,1,136.8
13908,79,4,592.4
13909,423,2,143.3
13912,423,1,125
13913,506,1,42.2
13914,11,2,313.2
13915,394,1,70.8
13916,463,4,319
13917,49,2,136
13918,49,2,606.4
13919,59,4,340.2
13920,431,4,443.7
13921,402,4,182.7
13922,351,3,288.4
13923,53,1,351.1
13924,1,6,306.5
13925,92,4,169.6
13926,23,1,223.9
13927,74,2,354.1
13928,10,4,116.1
13929,169,11,317.6
13930,57,2,168.7
13931,95,11,477.9
13932,294,1,307.4
13933,109,2,304.4
13936,179,3,313.2
13937,169,2,440.1
13938,35,1,71.7
13939,23,7,223
13940,17,4,209.8
13941,21,15,741.5
13942,534,1,320
13943,577,1,246.5
13944,653,1,200.4
13945,394,2,427.1
13946,79,6,312.7
13947,65,1,90.6
13948,360,4,137.2
13949,2,6,404.6
13950,11,4,186.3
13951,176,3,224.8
13953,7,12,553.4
13954,1,2,220
13955,154,3,181.7
13956,5,5,205.3
13957,417,3,152.8
13958,379,8,588.7
13959,79,6,179.4
13960,21,2,115.1
13961,392,1,538.4
13962,21,3,120.9
13964,387,2,219.4
13965,476,3,332.2
13966,435,1,390.9
13967,145,2,83.2
13968,423,1,123.7
13970,386,2,423.3
13971,18,14,333.4
13972,70,2,95.1
13973,287,1,264.7
13974,49,2,338.9
13975,31,12,446.6
13976,206,4,298.1
13977,411,1,519.8
13978,14,2,98.4
13979,73,7,488
13980,60,5,160
13981,415,1,331.1
13982,39,9,494
13984,26,12,170.7
13986,17,1,320.5
13987,379,2,341.3
13988,19,8,594.7
13989,65,5,405.2
13990,213,1,311.3
13991,12,6,142.7
13992,30,3,73.2
13994,3,6,385.5
13995,15,14,278.7
13996,386,2,447.9
13997,519,3,127.4
13998,446,3,188.9
14000,211,5,409.3
14001,45,9,503.3
14002,134,2,264.9
14003,732,1,209.4
14004,43,11,568.9
14005,9,5,574.9
14006,115,7,313.8
14007,512,1,79.5
14008,432,1,509
14009,198,3,366.6
14010,565,2,222.6
14011,480,2,228.9
14012,277,1,328.8
14013,110,5,216.9
14014,77,3,649.4
14017,571,1,229.8
14018,645,1,367.2
14019,46,3,473.9
14020,16,4,312.3
14021,155,7,245.2
14022,225,2,396.1
14023,7,2,292
14024,121,3,215.2
14025,464,8,507.2
14026,470,2,356.6
14027,60,1,104.8
14029,63,2,233.8
14033,555,1,109.4
14034,22,3,217.3
14035,28,9,317.4
14036,284,1,626.6
14037,176,6,139.5
14038,78,5,614
14039,33,2,133.6
14041,266,1,141.4
14042,725,1,432
14043,491,2,152.1
14044,26,10,312.3
14046,284,1,155
14047,8,14,303.9
14048,305,3,249.6
14050,31,2,373.2
14052,19,2,240.4
14053,124,4,143.1
14054,65,1,92.5
14055,106,3,507
14058,462,2,234.6
14059,266,1,183.6
14061,507,3,305.8
14064,29,15,222.2
14065,389,3,297
14066,266,1,152.6
14067,63,2,187.3
14068,320,4,382.1
14069,514,2,115
14070,684,1,326.6
14071,3,8,179.9
14072,666,1,390.9
14073,32,1,151
14074,623,1,219.4
14075,4,6,289.1
14076,129,1,122.5
14077,40,6,102.5
14078,101,9,188.1
14079,124,2,309.4
14080,32,5,223.1
14081,302,10,537
14082,364,2,206.7
14083,4,11,127.9
14084,512,1,150.5
14086,462,1,40
14087,2,3,282.1
14089,56,1,161
14090,324,1,76.3
14093,12,1,442.9
14094,439,1,335.2
14095,722,1,3
14097,481,2,211.4
14098,36,1,147.3
14100,137,1,194.9
14101,73,13,766.3
14102,5,5,272.1
14104,154,5,154.3
14106,737,1,214.8
14107,51,11,443.4
14108,30,4,261.2
14109,72,1,144.2
14111,14,4,173.2
14112,22,13,448.8
14114,273,7,194.9
14115,501,2,311.3
14116,19,5,276.5
14117,143,1,90
14118,428,1,458.4
14119,375,2,91.7
14121,3,4,695
14122,406,3,120.8
14123,733,1,436.2
14124,84,1,419.6
14126,7,4,293.1
14127,122,6,316.7
14128,60,3,308.1
14129,1,9,287.9
14130,319,4,470.7
14131,648,1,187.9
14132,2,11,326
14133,129,4,227.8
14134,382,15,741.6
14136,400,5,314.2
14137,695,1,332.7
14138,1,2,491.2
14139,46,4,271.7
14140,3,2,467.5
14141,2,4,228.8
14142,373,2,491.6
14143,133,1,115.8
14144,486,1,30.6
14147,78,9,287.8
14148,233,2,233.1
14149,220,1,446.6
14150,35,2,329.3
14151,673,2,339.7
14152,75,7,285.3
14153,483,1,233.4
14155,266,1,118.8
14157,19,5,200.6
14158,40,1,507.7
14161,215,7,474.1
14162,173,2,144.7
14163,87,5,518.9
14165,275,1,122.5
14166,505,2,128.4
14167,39,8,162.1
14168,420,2,185.2
14169,430,2,312.2
14170,375,3,199.1
14171,98,2,249.4
14172,605,3,134.2
14173,10,6,97.7
14174,33,1,134.5
14176,297,5,183.2
14177,86,13,171.5
14178,8,7,231.6
14179,40,2,359.9
14181,410,2,155.3
14182,443,4,169.7
14183,411,2,143.1
14184,66,1,452.9
14185,331,1,197.7
14186,427,5,310.1
14187,473,1,123.5
14188,30,6,342.4
14190,666,1,79.9
14191,1,15,321.2
14192,388,1,293.7
14193,67,3,403.4
14195,201,6,435.9
14196,106,1,335.5
14197,410,1,390
14198,18,9,174.4
14199,218,4,272.9
14200,617,1,379.2
14201,60,10,119.4
14202,381,3,282.6
14203,397,1,339.3
14204,2,4,265.7
14205,16,9,268.2
14206,239,3,395
14207,687,1,157.8
14208,94,2,283.5
14209,10,15,332.9
14214,30,5,200.9
14215,11,9,379.6
14216,3,5,430
14218,42,1,169.5
14219,4,3,211.3
14220,247,4,378.8
14222,177,1,683.2
14223,92,3,330.4
14224,110,9,210.9
14225,434,4,509.3
14226,28,6,500.4
14227,26,15,424.6
14228,437,3,248.5
14229,51,7,370.6
14230,435,3,326.6
14231,183,4,308.9
14232,42,5,409.6
14233,49,7,414.9
14234,22,4,193.9
14235,75,9,524.2
14236,80,5,348.9
14237,373,2,316.1
14238,326,3,144.7
14240,30,3,415.8
14241,183,2,166.8
14242,234,2,140.3
14244,660,1,366.4
14246,110,3,491.4
14247,278,5,154.5
14248,318,3,344.3
14249,410,12,468.8
14250,7,3,634.7
14251,1,5,575.9
14252,381,1,351
14253,493,2,181.7
14254,432,1,601
14256,260,5,494.8
14257,64,9,661.6
14259,141,1,120
14260,471,3,274.8
14261,50,2,581.7
14262,8,8,327.3
14263,423,1,322.9
14264,154,6,252.9
14266,428,1,40.6
14267,162,3,505.4
14268,470,1,354.9
14269,439,1,295.7
14270,331,1,492.7
14271,225,2,109.6
14272,73,4,230.2
14273,51,4,140
14274,686,1,256.6
14275,395,6,198.2
14276,98,7,300.4
14278,409,1,205.8
14279,520,2,95.9
14280,196,1,134
14281,408,1,245.2
14283,463,4,157.1
14284,30,3,433.2
14285,21,8,410.6
14287,8,3,58.9
14288,213,1,426.6
14289,8,6,151.9
14290,11,8,564.6
14293,3,9,363.1
14294,407,1,375.3
14295,40,5,472.6
14296,421,2,228.2
14297,17,4,326.3
14300,18,1,43.2
14301,117,4,498
14302,430,3,247.6
14303,407,2,139
14304,222,3,575
14305,71,3,619.7
14306,51,6,525.2
14307,88,10,507.1
14308,549,2,573.5
14309,8,11,343.7
14310,432,1,492.1
14311,242,2,258.2
14312,46,11,280.9
14314,106,2,114.9
14315,44,8,399.7
14316,422,5,274.1
14317,64,1,508.6
14318,460,1,158
14319,424,1,494.9
14320,206,5,269.4
14321,10,7,316.9
14322,429,4,118.5
14323,114,2,302.5
14324,409,2,350.8
14325,569,1,245.5
14326,242,3,313.7
14327,163,6,315.8
14328,438,1,445
14329,17,15,661.8
14330,623,1,200.6
14331,124,2,231.3
14332,22,5,388.7
14333,67,1,415.2
14334,16,12,359.9
14335,16,2,234.1
14336,16,4,403.7
14338,161,3,309.4
14339,242,2,310.1
14340,218,1,134.7
14342,21,6,153.1
14343,421,4,272.2
14345,38,1,109
14346,120,5,463.1
14347,736,1,82.6
14348,260,1,409.6
14349,10,1,133.5
14350,274,3,324
14351,164,1,51
14352,157,4,269.7
14353,215,3,125.5
14354,5,2,81.8
14355,365,3,338.2
14356,79,2,350.6
14357,43,1,225.8
14358,389,2,200
14359,19,3,304.1
14360,31,4,532.1
14361,578,1,214.7
14362,22,1,161.2
14363,402,2,113.7
14364,108,8,464.7
14365,394,2,317.3
14366,525,1,136
14368,319,1,155
14369,642,2,234.6
14370,450,6,196
14371,295,1,100.5
14372,443,2,430
14373,358,1,76.6
14374,541,1,108
14375,185,3,377.7
14376,683,1,215.5
14377,191,2,308.5
14378,621,1,131.2
14379,44,4,317.2
14380,682,1,49
14381,52,2,315.7
14382,26,2,623.4
14383,38,3,415.9
14384,500,1,58.5
14385,9,3,67.4
14386,296,1,142.4
14387,32,3,590.2
14389,65,5,379.6
14390,10,13,492.3
14391,576,1,135.6
14392,432,1,266.4
14393,218,1,68
14394,564,1,93.8
14396,65,7,303.1
14398,401,2,353.9
14399,394,8,264.1
14400,149,3,577.5
14402,652,1,285.6
14403,130,6,313.4
14404,33,13,223
14405,386,1,195
14406,119,1,156.8
14407,107,6,359.6
14408,10,11,373.6
14409,71,9,417.3
14410,92,11,241
14412,42,3,475.4
14413,362,4,192.6
14414,91,8,299.9
14416,22,2,245.1
14417,387,1,604.2
14418,3,3,645.8
14419,10,7,180.1
14420,99,4,409.8
14421,57,6,411.6
14423,218,3,305.5
14424,17,1,322.1
14425,434,3,220.5
14427,50,4,315.9
14428,7,5,249
14429,403,1,516.3
14430,511,3,407
14431,302,4,653.5
14432,9,6,375.9
14433,465,1,289.6
14434,21,6,228.8
14435,501,1,90.4
14436,98,2,135.8
14437,365,5,191.8
14438,306,1,131.9
14440,8,13,510.7
14441,0,11,419.2
14443,53,5,477.3
14444,456,1,132
14445,455,1,221.7
14446,0,5,248.3
14447,18,6,285.3
14448,9,2,187.7
14449,18,8,310.4
14450,180,7,161.2
14451,60,12,275.7
14452,10,4,166.4
14453,190,1,119.9
14454,376,5,195.5
14455,432,4,157.1
14456,5,9,340.3
14457,310,1,113.6
14458,380,1,237.4
14460,110,9,121.5
14461,148,13,516.4
14462,66,12,189.2
14463,98,4,196.6
14464,568,2,55.5
14465,246,11,358.7
14466,29,13,357.5
14467,17,12,185.1
14468,733,1,204.2
14469,416,4,528.1
14470,11,3,237.3
14471,591,2,200.5
14472,103,9,247.6
14473,74,2,117.2
14474,46,2,639
14475,71,4,287.8
14476,257,1,215.7
14477,19,7,281.4
14478,382,4,319.2
14479,253,4,324.8
14480,11,4,324.9
14481,164,5,462.3
14482,18,12,363.2
14483,281,2,128.6
14484,50,4,267.7
14485,38,1,165.8
14486,511,2,87.8
14487,26,7,207.7
14489,207,4,393.7
14490,406,2,636.7
14491,175,2,234.1
14492,430,7,274.6
14493,7,10,513
14494,25,3,133.8
14495,50,3,58.3
14496,311,7,381.2
14497,309,2,348.5
14498,42,10,391.1
14499,26,7,305.6
14500,88,3,119
14501,183,2,125.6
14502,19,11,224.6
14503,3,6,590.5
14504,47,4,168.3
14506,17,7,470.1
14507,23,11,298.6
14508,22,5,175
14509,534,1,111
14510,375,3,335.8
14511,11,5,263
14512,187,7,174.8
14513,100,6,131.3
14514,61,9,511
14515,17,12,312.4
14516,516,1,163.9
14517,33,2,165.2
14518,64,1,174.4
14519,683,2,103
14520,1,2,135.3
14521,491,1,199.5
14522,24,8,219.8
14523,108,1,241.1
14524,31,13,225.7
14526,389,1,262.4
14528,37,1,364.2
14529,60,3,206.7
14531,479,1,376.3
14532,236,11,350.8
14533,24,11,315.1
14535,60,9,670.1
14536,259,1,171.8
14537,57,2,320.7
14538,64,5,274.2
14539,15,2,268.7
14540,9,11,345
14541,58,14,178.5
14542,185,1,103.2
14545,674,1,349.2
14546,5,11,472.5
14547,3,8,500.9
14548,150,9,291.9
14549,311,4,229.1
14550,10,4,338.3
14551,18,7,125.7
14552,151,3,170.4
14553,19,9,204.6
14554,10,4,595.3
14555,57,6,385.9
14556,596,3,278.4
14558,654,3,218.5
14559,390,1,75.6
14561,75,3,360.3
14563,509,2,339.7
14565,95,5,771.8
14567,56,2,765.2
14569,1,4,149.7
14570,280,3,204.6
14571,425,1,161.7
14572,3,11,510.5
14573,179,13,201.6
14574,732,1,143.7
14575,488,1,460.7
14576,372,1,70.8
14577,12,7,196.3
14578,3,1,168.6
14579,432,1,105.6
14580,518,1,14.9
14581,16,2,216.9
14582,40,1,114.1
14583,5,8,222.6
14584,169,8,218.5
14585,50,5,228.7
14586,276,1,237.4
14587,18,9,177.9
14588,578,1,135.4
14589,371,1,79.5
14591,15,4,361.8
14592,35,3,190.2
14593,21,12,309.3
14594,7,2,317.4
14595,19,8,270.6
14596,626,1,229.5
14597,11,6,366.9
14598,44,2,192
14599,390,2,237.3
14600,305,2,432.6
14601,10,1,214
14602,656,1,205.4
14603,274,1,660
14604,633,1,143.9
14605,374,4,234.3
14608,4,11,304.8
14609,72,10,148.6
14610,395,2,12.2
14611,443,2,302.2
14613,680,1,76.3
14614,386,1,295.1
14615,394,5,190.4
14616,242,5,105.6
14617,402,2,95.2
14618,9,7,191.8
14619,245,2,645.6
14620,205,2,206.4
14621,1,9,333.4
14622,184,1,320.6
14623,32,10,206
14624,57,6,135.7
14625,196,11,408.9
14626,23,11,491.9
14627,379,1,462.8
14628,91,5,399.6
14629,4,2,479.5
14630,484,1,338.6
14631,50,6,337.6
14632,262,1,114.6
14633,266,1,344.9
14634,437,4,531.1
14635,453,1,215.2
14636,36,2,304.9
14637,677,1,106.7
14638,50,1,443.6
14639,52,9,553.2
14640,24,10,366.7
14641,21,1,110.5
14642,58,1,96.1
14643,170,5,336
14644,67,7,321.1
14645,156,3,292.3
14647,201,2,260
14648,416,15,303.1
14649,4,9,419.5
14650,589,1,62.5
14651,67,9,226
14652,77,1,114.2
14653,1,12,301.2
14654,738,1,246.9
14655,8,7,554.1
14656,169,5,162.9
14657,17,6,243.5
14658,5,2,123.6
14659,8,9,281.1
14660,86,2,142.9
14661,26,1,108
14662,28,7,202.3
14663,430,2,245.3
14664,19,2,318.9
14665,60,7,392.8
14666,24,1,195.2
14668,445,1,111.6
14669,241,7,463.4
14670,280,3,200.7
14671,549,2,563.7
14672,234,4,278.3
14673,3,7,487.3
14674,509,1,173.7
14675,16,2,533.5
14676,31,12,696.4
14677,592,1,184.9
14678,579,1,403.4
14679,381,3,429.8
14681,71,6,145.9
14682,187,6,252.5
14683,588,1,146.6
14684,25,6,244.8
14685,576,8,577.5
14686,414,5,177.2
14687,106,3,467.4
14689,208,1,112.8
14690,44,4,198.6
14691,30,5,422.9
14692,137,12,145.4
14693,264,7,166.5
14694,617,1,244.3
14695,519,3,540
14696,4,8,346
14697,218,2,94.3
14698,1,5,250.2
14699,214,4,175.7
14700,32,5,623.3
14701,10,15,304.1
14703,14,1,318.2
14704,11,11,164.9
14705,198,1,179
14706,618,1,390.7
14707,435,2,69.6
14708,2,5,442.5
14710,14,13,147.9
14711,10,11,260.8
14712,29,4,332
14714,24,4,226.6
14715,24,8,230.1
14716,43,3,188.5
14717,733,1,81.3
14718,410,1,226.4
14719,1,5,320.4
14720,5,3,221.3
14721,379,1,115.8
14722,147,3,171.1
14723,10,11,190.3
14724,590,1,345.2
14725,24,4,328.8
14726,654,1,124.8
14727,274,3,156
14728,413,1,190.6
14729,373,3,302.5
14730,1,8,250.6
14731,47,3,126.7
14734,425,4,264.1
14736,485,2,200.5
14738,42,9,202.4
14740,197,11,378.3
14741,11,7,271.1
14742,435,1,579.9
14743,592,1,50.5
14744,16,14,277.5
14745,112,12,214.3
14746,406,4,148.4
14747,249,1,328.2
14748,29,10,315.2
14749,479,1,310.1
14750,736,1,112
14751,684,2,63.2
14752,43,1,389.6
14753,87,2,434.8
14754,44,6,258.4
14757,75,1,420.5
14758,144,7,409.3
14759,4,3,542
14760,297,1,89.2
14761,58,3,149.3
14762,263,2,208.8
14764,46,1,278.3
14765,29,3,84.7
14766,8,11,596
14767,474,1,382.8
14768,17,2,96.3
14770,232,8,454.7
14771,621,2,297.3
14772,112,1,139.3
14773,592,1,140.6
14774,528,1,241.4
14775,58,3,472.8
14776,51,15,247.2
14777,403,1,307.6
14778,127,2,365.4
14779,280,3,128.7
14780,54,2,223.8
14782,319,1,200.1
14783,659,1,307.3
14784,26,3,150
14785,10,2,38.7
14786,550,1,91
14787,471,1,110.7
14788,7,3,385.4
14789,28,1,197.6
14790,16,10,252.7
14791,606,1,303.6
14792,63,1,6.2
14793,21,2,313
14794,2,10,195.4
14795,166,1,131.5
14797,507,1,300.3
14798,52,8,90.5
14799,51,2,169.1
14801,61,1,193.1
14802,438,2,751.5
14803,162,3,281.8
14804,8,1,353.3
14805,15,7,157.8
14806,75,2,151.7
14807,390,2,259.6
14808,39,8,342.6
14809,621,2,343.4
14810,40,13,195.2
14811,387,1,170.5
14812,598,1,185.8
14813,369,4,272.7
14814,581,1,160.5
14815,36,2,389.2
14816,197,1,271.9
14817,200,7,565.7
14818,73,6,195.1
14819,64,4,117.5
14820,21,9,141.6
14821,366,7,183.8
14822,485,1,157.7
14823,180,3,107.1
14824,10,10,402.3
14826,581,2,192.6
14828,196,13,756.9
14829,29,7,241.8
14830,53,1,197.1
14831,680,3,558.9
14832,630,1,322.7
14833,498,1,94.8
14834,17,7,315.2
14835,528,2,148.5
14836,10,3,34.1
14837,89,9,384.5
14838,423,2,386.8
14839,418,3,305.1
14840,267,2,181.4
14841,53,14,511.6
14842,43,4,706.2
14843,436,1,211.8
14844,63,10,670.2
14845,599,1,150
14846,427,1,437.4
14847,148,3,449.7
14848,404,1,310.6
14850,311,7,256.3
14851,23,3,276.5
14853,24,5,275.4
14854,78,11,393
14856,36,3,437.1
14857,59,7,521.7
14858,505,1,180.8
14859,12,5,341.1
14860,19,1,170.3
14861,52,10,138.1
14862,25,2,420.6
14863,29,1,266.8
14865,7,4,32.4
14868,3,12,348.7
14869,8,6,467.4
14870,261,6,306.5
14871,3,9,139.9
14872,483,3,272.2
14873,210,2,427.1
14874,535,1,116.2
14876,521,2,128.3
14877,418,2,218.5
14879,684,1,185.1
14880,77,3,235.4
14881,19,1,255.4
14882,26,14,259.2
14883,18,6,126.9
14884,669,1,120.6
14885,131,3,532.7
14886,252,1,364.8
14888,207,1,369.2
14889,336,1,135.9
14890,253,3,272.4
14891,148,4,276.7
14892,690,1,202.4
14893,9,3,603.2
14894,85,3,497.6
14896,204,8,261.6
14897,7,8,392.6
14898,23,14,250.6
14900,522,1,13.9
14901,11,12,190.8
14902,25,3,345.2
14903,21,5,562.1
14904,2,4,410.2
14905,157,8,246.4
14906,445,1,68.4
14908,74,2,190.9
14909,437,3,468.2
14910,2,4,108.6
14912,16,6,314.9
14913,35,8,509.1
14915,91,11,164.7
14916,70,8,380.4
14917,596,2,561.9
14918,115,9,661.8
14919,539,1,359.4
14920,212,3,535.7
14921,30,2,658
14922,393,2,421.9
14923,50,1,749.1
14924,245,3,310.3
14926,381,2,179.7
14927,396,1,308.2
14928,627,1,223.9
14929,32,2,418.3
14940,417,2,265.7
14941,578,1,182.1
14942,401,4,186.6
14943,663,1,107.6
14945,413,1,179.4
14946,14,1,100.9
14947,72,6,175
14948,23,6,183.7
14949,469,4,128.8
14950,19,1,371.2
14951,79,1,311.7
14953,25,4,253.4
14954,12,2,251.7
14955,732,1,163.8
14957,253,2,166.6
14958,147,6,159.7
14959,64,4,173.9
14960,8,2,110.6
14962,270,4,91.7
14963,9,12,263.7
14964,247,1,206.2
14965,96,2,299.5
14966,14,6,186
14967,49,6,330.4
14968,30,2,252.5
14970,68,12,409.9
14971,35,3,372.2
14972,128,2,72.5
14973,107,3,438.2
14974,37,1,114.4
14975,57,2,236.2
14976,57,7,113
14977,725,1,31.9
14978,72,10,314.2
14979,735,1,439.5
14980,737,1,150.7
14981,246,2,186.5
14982,572,1,237.8
14983,689,1,183.2
14984,19,6,211.9
14985,198,2,148.4
14986,376,2,283.4
14987,15,8,214.2
14988,211,7,295.2
14989,661,1,342.4
14990,612,2,152.7
14991,430,1,314.7
14992,442,1,210.5
14993,563,1,36.1
14994,382,5,192.1
14995,38,2,116.6
14996,481,2,221.1
14997,46,4,194.2
14998,170,4,192.7
14999,592,1,129.5
15000,47,1,490.5
15001,394,2,115.4
15002,115,9,535.3
15003,473,6,176.8
15006,51,2,412.6
15007,159,1,156.9
15008,480,2,180
15009,12,3,420.6
15010,35,1,308.9
15011,395,2,208.3
15012,53,3,286.9
15013,487,10,164.1
15014,43,2,130.1
15015,501,13,181.9
15016,172,5,126.1
15017,33,1,125.6
15018,38,3,202.5
15019,266,1,266
15020,379,1,203.4
15021,8,12,232
15022,11,5,237.2
15025,33,2,506.5
15026,80,5,212.3
15027,30,10,319.6
15028,8,6,193
15029,619,1,365.1
15030,71,8,247.5
15031,4,14,225.5
15033,4,10,258.7
15034,15,14,593.8
15035,89,1,252.7
15036,72,3,155.2
15037,376,2,201.3
15038,58,9,145.5
15040,541,1,7.5
15041,170,2,147
15042,199,2,157.7
15043,31,6,479
15045,151,2,367.8
15047,269,1,343.6
15048,65,4,120.7
15049,273,1,121.2
15051,23,9,437.2
15052,319,1,215.8
15053,4,3,232.6
15054,12,2,151.1
15055,474,3,186.7
15056,520,1,133.4
15057,275,5,651.2
15060,8,4,75.8
15062,71,8,323.2
15063,213,1,370.8
15064,410,4,313.6
15065,37,5,665.4
15068,46,4,294.2
15070,372,3,281.1
15071,93,4,363.9
15072,479,1,187.5
15073,9,8,348.5
15074,105,3,522.1
15075,77,1,773
15076,172,3,482.6
15079,212,11,342.5
15080,427,2,273.1
15081,22,12,163.8
15082,668,1,93.4
15083,256,1,88.2
15084,379,2,482.6
15085,729,1,347.5
15086,564,2,109.3
15087,281,1,306.9
15088,21,2,580
15089,10,6,403.5
15090,308,1,381.3
15091,67,3,348.9
15092,215,3,258.8
15094,463,2,41.5
15095,103,10,314.2
15096,42,1,219.4
15097,4,3,302.8
15099,84,1,410.5
15100,333,7,413.5
15101,8,6,246.3
15102,530,2,277.3
15103,31,2,351.7
15104,196,2,513.7
15105,18,9,343.9
15106,17,5,284.5
15107,311,9,104.5
15109,245,3,327.7
15110,23,6,251
15111,29,5,546.2
15112,611,1,209.4
15114,30,12,283.3
15115,18,2,265.9
15116,17,4,338.2
15117,14,8,310.7
15118,134,1,244.8
15119,245,1,266.4
15120,133,1,358.8
15121,50,2,228.9
15122,114,11,408.9
15124,22,4,112.7
15126,536,2,224.7
15127,65,2,355.8
15128,60,5,356.7
15130,169,1,330.1
15131,394,1,80.3
15132,18,5,195.6
15133,127,5,361.4
15134,14,10,159.6
15135,239,2,152.8
15136,2,4,321.7
15137,520,2,411.7
15138,393,1,502.5
15139,239,2,89.5
15140,52,8,405.5
15141,457,7,198.4
15142,46,6,436.7
15143,225,2,281.8
15145,4,4,298.7
15146,164,2,663.6
15147,240,1,623.5
15148,10,1,301.3
15149,133,5,310.9
15150,17,13,692.4
15152,9,14,376
15153,31,1,329.2
15154,75,3,462.8
15155,383,1,384
15156,1,3,320.5
15157,3,5,530.8
15158,45,2,303
15160,357,4,147.3
15161,388,1,119.9
15162,731,1,312.9
15163,18,2,152.2
15164,68,9,229.9
15166,467,1,167.2
15167,320,5,331.9
15168,25,1,106.6
15169,382,2,284.6
15170,406,1,81.2
15172,8,5,324.8
15173,380,7,213.5
15174,322,2,240.7
15175,71,1,224.1
15178,260,1,40.5
15179,18,13,576.3
15180,367,3,301.5
15181,66,5,240
15182,154,11,272.6
15183,547,3,213.3
15184,29,4,172.5
15185,70,1,310.6
15186,14,5,280.6
15188,725,1,310.4
15191,463,3,196
15192,119,5,396.3
15193,60,1,499.3
15196,432,2,158.1
15197,10,6,312.9
15198,92,5,114.3
15199,59,10,312.2
15200,494,1,549
15201,87,7,263.3
15203,25,15,293.3
15204,357,1,316.6
15205,85,2,326.6
15206,10,4,105.1
15207,416,3,228
15208,1,6,161.8
15209,730,1,179
15210,225,3,392.1
15211,60,2,638.7
15212,241,2,104.1
15213,318,2,164.2
15214,1,8,207.7
15215,46,7,346.1
15216,87,2,243
15217,563,1,426.2
15219,176,2,342.7
15220,51,6,296.5
15221,366,4,616.4
15222,318,11,322.8
15223,225,5,283.6
15224,358,5,174.3
15225,234,1,409.4
15226,310,1,154.4
15227,36,9,276.5
15229,586,1,160.5
15230,239,2,214.8
15231,621,1,250.3
15232,113,2,306
15233,401,1,59.4
15234,276,1,197
15236,298,1,321
15237,1,4,353.1
15238,29,3,357.3
15239,10,2,390.3
15240,44,12,371.7
15241,66,11,277.3
15242,422,1,302
15243,74,2,463.6
15244,65,3,304
15245,134,8,576.4
15246,238,3,260.1
15247,122,3,325.4
15248,411,3,631.3
15250,640,1,60
15252,36,5,420.7
15253,16,8,256.9
15254,127,3,362.8
15255,66,9,414.4
15256,148,2,85.2
15257,283,2,343
15258,168,2,311.6
15259,512,4,295.6
15261,135,4,377
15262,323,3,139.6
15263,106,1,156.5
15264,64,2,424.2
15266,338,5,170.4
15267,22,5,343.5
15268,478,3,320.6
15269,23,3,408.5
15272,57,6,347.6
15273,599,1,229
15274,4,2,358.3
15275,37,1,615.1
15276,66,4,162.4
15277,46,2,238.2
15278,561,4,124
15279,354,5,316.1
15280,172,3,135.4
15282,570,1,348.6
15283,390,3,49.4
15284,500,1,24.8
15285,407,1,94.9
15286,49,1,240.6
15287,22,5,171.2
15288,43,10,388.3
15289,29,5,318.6
15292,201,1,180.9
15293,665,1,247.5
15294,410,1,233.3
15295,654,1,217.2
15297,10,3,214
15300,64,1,496.4
15302,730,1,308
15303,290,3,408.1
15304,60,9,102.2
15305,555,1,93.6
15306,64,9,387.2
15307,95,1,205.3
15308,274,1,310.5
15309,610,4,199.5
15312,75,12,244.2
15313,110,1,52
15314,199,3,273.5
15315,64,2,285.2
15316,326,1,165
15317,677,1,129.8
15318,3,1,312.6
15319,283,1,204.5
15320,44,1,267.1
15321,70,12,559.1
15322,85,2,695.4
15323,562,3,144.9
15324,701,1,140.2
15325,103,8,200.3
15326,333,5,340.1
15327,52,1,208.8
15328,407,1,107.2
15329,39,11,271.3
15330,32,2,357.5
15331,499,3,256
15334,156,3,117.2
15335,53,1,174
15336,401,1,240.5
15337,411,1,373
15338,677,1,283.4
15339,66,7,261.1
15340,561,1,105.5
15342,129,1,406.1
15343,87,1,364.5
15344,0,3,188
15345,45,1,393.5
15346,332,3,198.7
15347,366,4,340.9
15348,72,1,158
15349,158,2,236.9
15350,373,2,331.6
15351,12,10,373.8
15352,548,1,115
15353,254,7,453.7
15354,603,3,94.8
15355,29,2,138.5
15356,31,13,266.5
15359,662,8,22.7
15360,39,1,427.9
15361,361,4,172.3
15362,448,2,306.5
15363,372,2,502.1
15364,95,2,456.6
15365,25,13,350.5
15366,75,7,341.3
15367,57,11,461.9
15368,21,2,361.4
15369,492,11,568.3
15370,40,8,467.4
15371,662,1,59.4
15372,137,8,752.1
15374,128,2,153.7
15375,690,1,61
15376,40,3,411.1
15377,382,4,302.9
15378,462,2,123.2
15379,169,8,609.7
15380,8,11,316.3
15381,213,5,378.1
15384,169,4,506.9
15385,40,3,314
15386,186,1,394.1
15387,492,1,468.6
15388,270,1,140.5
15389,172,5,546.8
15390,396,2,608.3
15391,584,1,289.9
15392,4,7,415.9
15393,16,5,178.3
15394,9,11,480.6
15395,325,1,107.4
15396,112,2,398.2
15397,289,1,94
15398,16,2,672.8
15399,1,3,271.9
15400,92,8,162.8
15401,452,2,108.5
15402,148,6,305.1
15403,491,2,85.4
15404,375,1,257.1
15405,189,2,329.9
15406,31,4,244
15407,33,4,264.1
15408,264,1,267.2
15409,721,1,131.2
15410,84,10,468.6
15411,26,4,339.7
15412,171,1,190.5
15414,9,3,258.3
15415,313,1,572.8
15416,64,7,653.3
15417,85,1,508.8
15418,425,2,226.2
15419,24,1,135.9
15420,434,6,123.8
15421,58,10,380.5
15422,323,7,231.4
15423,38,3,89
15424,254,3,199.3
15425,400,4,486.1
15426,19,9,290.6
15427,33,3,494.4
15428,15,4,190.7
15429,26,2,198.7
15430,467,2,477.4
15431,502,1,153.2
15432,23,2,160.4
15433,213,2,266.6
15434,8,11,233.4
15435,22,1,149.3
15436,12,3,374.2
15437,262,2,196.7
15438,131,1,156.6
15439,404,4,317.3
15440,54,3,127.9
15441,396,3,418.1
15442,248,1,594
15443,1,14,369.7
15444,9,2,709.1
15445,264,2,142.2
15446,376,3,135.7
15447,330,5,98.6
15448,312,2,394.4
15449,26,3,324.8
15450,30,1,429.8
15451,434,2,116.6
15452,29,6,299.9
15453,1,7,198.3
15454,362,2,153.8
15455,597,1,38.2
15456,283,10,211.9
15457,262,1,237.1
15458,25,2,185.2
15459,417,2,101.4
15460,354,1,216.8
15461,460,2,214.8
15462,94,4,184.3
15463,29,1,126.1
15466,85,4,392.8
15467,9,3,175
15468,51,3,476.8
15469,50,3,291.4
15470,575,1,63.4
15471,2,3,438.9
15472,113,1,371.6
15473,14,8,255.8
15474,595,1,163.1
15475,77,1,454.1
15476,380,4,552.5
15477,649,1,368.4
15478,40,3,675
15479,733,1,147.4
15483,161,10,86.2
15486,527,1,102
15487,679,1,231.3
15488,92,5,86.4
15489,22,8,302.5
15490,430,1,217.6
15491,95,6,516.7
15492,28,2,329.7
15493,32,9,479.4
15494,21,5,756
15495,379,1,246.5
15496,631,1,146.1
15499,723,1,161.6
15500,8,4,282.9
15501,404,2,201.2
15503,362,2,133.6
15504,81,4,106
15505,52,5,722.2
15506,22,6,340
15507,171,1,492.4
15508,189,6,166.7
15509,380,1,166.5
15510,330,1,250
15511,11,5,181.8
15512,155,4,82.9
15515,387,1,171.8
15516,44,3,20.8
15517,233,1,267
15518,64,15,281.3
15519,383,2,172.3
15520,1,1,343.5
15522,32,2,199.4
15524,24,2,295.7
15525,2,4,323.9
15526,33,2,74.2
15528,254,1,229.3
15529,22,12,426
15530,21,5,362.7
15532,25,10,377.2
15533,19,3,269.2
15534,725,1,162.2
15535,173,6,181.3
15536,409,1,259.1
15537,163,1,110.9
15538,537,6,559.7
15539,7,1,538.5
15540,11,2,230.3
15541,114,1,85.1
15542,512,3,306.2
15543,288,2,121.4
15545,54,2,214
15546,606,2,539.6
15548,595,1,158.1
15549,77,8,293.2
15550,4,12,184.9
15551,36,7,244.3
15552,217,2,126.3
15553,60,1,437.2
15554,277,1,217.2
15556,24,1,279.8
15557,28,1,473.7
15558,639,1,214.1
15560,397,2,76.8
15561,11,8,241.8
15562,351,3,224.5
15563,22,7,409.6
15564,463,2,35.4
15565,50,2,86.6
15566,392,2,113.9
15567,18,1,186
15568,2,3,252.8
15569,103,10,358.6
15571,11,14,289.4
15572,4,10,406.9
15573,31,5,241.4
15574,177,6,253.1
15575,619,1,30.1
15577,151,5,79.6
15578,162,1,127.1
15579,68,5,260.5
15580,376,8,172.6
15582,24,3,227.6
15583,376,1,107.9
15584,23,6,212.9
15585,176,1,455.3
15586,592,3,379.7
15587,50,7,217.4
15588,677,1,579.6
15589,255,3,159.5
15590,382,5,299.3
15591,582,3,72.6
15592,46,1,388.6
15593,70,1,199.8
15594,15,5,354.4
15595,487,1,357.6
15596,100,9,347.8
15597,35,2,281.7
15598,53,2,274
15599,26,3,416.7
15600,428,4,299.8
15603,78,2,44.2
15604,52,1,216.4
15605,36,9,215.2
15607,336,9,189.9
15608,28,5,357.2
15609,184,1,298.5
15610,51,1,112.5
15612,36,2,97.6
15613,610,1,433.7
15616,438,1,317.1
15617,396,3,276.2
15618,32,4,194.2
15619,10,1,336.4
15620,56,4,485.6
15621,4,4,323.3
15623,141,8,304.6
15624,116,4,147
15625,103,9,359.6
15626,74,3,355.8
15627,457,2,283.4
15629,450,4,560.2
15630,45,3,493.8
15631,642,1,596.7
15632,15,8,410.7
15633,509,13,334.8
15634,17,2,277.3
15635,395,1,100.3
15636,89,4,361.1
15637,52,5,159.5
15638,378,6,377.5
15639,134,3,355
15641,105,12,445.5
15642,729,1,105.8
15643,191,3,221.3
15644,166,4,203.2
15645,18,3,351.7
15646,157,5,194.9
15647,415,1,169
15648,204,2,328.7
15649,336,4,542.6
15650,521,2,276.9
15651,36,5,251.8
15652,91,5,284.1
15653,92,2,438.7
15654,9,2,461.3
15655,243,1,560.7
15656,45,4,187.1
15657,22,1,30
15658,190,8,302.9
15659,43,3,177.5
15660,25,15,187.5
15661,317,8,152
15662,661,2,141.9
15663,106,1,138.1
15664,50,4,313.5
15666,472,2,316.5
15667,39,1,301.3
15668,217,1,76.3
15669,40,4,171.1
15670,296,2,162.6
15671,18,7,379.6
15672,725,1,45.3
15673,88,9,712.8
15674,73,13,534.5
15675,81,4,135.5
15677,49,3,435.2
15678,52,3,631.3
15679,24,4,195.3
15680,9,10,450.8
15681,25,14,213.5
15682,599,2,159.1
15683,117,2,262.3
15684,547,3,58
15685,450,1,56
15686,420,1,90
15687,8,9,332.6
15688,418,1,190.6
15689,119,3,173.7
15690,4,2,119.9
15691,252,4,142.8
15692,28,1,191
15693,659,1,37.5
15695,266,4,282.8
15696,33,13,300.5
15697,689,1,246.8
15698,624,1,46.2
15699,17,1,309.6
15700,172,2,348.3
15701,2,4,385.5
15702,476,2,70.2
15703,264,1,211.5
15704,140,6,636.3
15705,201,1,143.1
15706,63,4,265.1
15707,35,4,236.4
15708,40,9,486.5
15709,283,2,163.9
15711,556,2,210.1
15712,9,12,289.4
15713,143,4,252.7
15714,11,5,157
15715,555,5,131.6
15716,145,11,277.9
15717,234,5,121.4
15718,540,1,293.8
15720,24,2,371
15721,11,1,507.1
15722,35,11,478
15723,364,4,236.9
15724,201,3,103.6
15725,15,1,415.2
15726,390,1,321.9
15727,16,15,629.7
15728,379,2,272.3
15729,212,3,64.2
15730,65,5,345.3
15731,553,1,125.3
15732,212,10,168.2
15733,282,1,162.3
15734,114,4,565.8
15735,421,1,327.7
15737,14,8,150.6
15739,66,1,449.1
15740,49,1,154.9
15741,458,2,104.3
15742,619,1,156.9
15743,16,4,196.1
15744,77,1,34.8
15745,19,4,273.6
15746,134,1,196.9
15747,12,9,284.7
15748,40,3,204.9
15751,460,11,125.5
15752,39,9,467.5
15753,304,1,79.2
15754,51,9,337.5
15756,61,4,133.2
15757,65,6,490.1
15758,24,1,205.2
15759,218,7,118.7
15761,442,1,143
15762,65,2,291.9
15763,31,2,543.5
15764,88,8,562.9
15765,666,1,370.6
15766,64,3,277
15770,612,1,321.4
15771,604,3,335.5
15772,418,1,280.9
15773,5,2,387.3
15774,68,6,221.7
15775,245,2,75.2
15776,133,1,241.6
15777,241,7,251.8
15778,431,1,308
15779,463,2,62
15780,183,3,158.4
15781,25,3,115.2
15783,10,1,246.3
15784,467,2,424.2
15787,26,3,316
15788,508,1,221.8
15789,358,6,327
15790,10,1,220.8
15791,43,5,721.7
15792,399,2,466.9
15793,14,8,299.9
15794,736,2,388.5
15795,149,8,247.5
15797,113,6,470.2
15798,492,3,511.8
15799,75,4,356.1
15800,107,7,177.5
15801,46,3,354.7
15802,142,1,451.4
15803,51,4,482.4
15804,0,13,323.6
15806,46,3,261.5
15807,50,5,363.5
15809,36,7,182.1
15810,78,8,374.9
15811,22,7,555.8
15812,107,12,433.5
15813,207,2,652
15814,16,6,439.1
15815,63,5,420.1
15816,542,2,72.1
15818,588,1,340.5
15819,49,10,393.5
15820,319,1,207
15821,44,2,285.5
15822,3,6,306.7
15824,453,2,445.5
15825,172,1,532.9
15826,56,4,649.6
15829,99,2,318.1
15830,37,1,576
15831,58,3,267.3
15833,737,1,80.4
15834,70,7,539
15835,44,4,238.5
15836,50,1,137.4
15837,64,2,388.5
15839,33,3,349.5
15840,58,2,177.8
15841,72,9,304.7
15842,393,2,274.4
15843,303,1,119
15844,46,1,130.7
15845,17,11,402.4
15846,385,1,107
15847,38,5,164.5
15848,621,1,139.9
15850,19,6,176.5
15851,526,1,109.7
15852,186,3,85.8
15853,51,1,110.8
15855,136,6,175.5
15857,18,2,285.2
15858,15,13,304.6
15859,432,1,438.5
15861,12,12,366.8
15862,8,13,225.3
15863,25,5,71.7
15864,22,7,311.5
15865,40,5,449.8
15866,101,1,230.5
15868,583,1,94.5
15869,277,3,107.9
15870,32,4,215.7
15871,437,1,33.1
15872,14,4,198.9
15873,499,4,78.5
15875,646,1,111.7
15876,409,2,724.6
15877,1,2,246.6
15878,561,2,165.4
15879,404,4,289.3
15880,369,1,686.6
15881,312,5,100.3
15882,198,8,187
15883,2,2,198.2
15884,432,2,124.9
15885,92,15,130.1
15886,60,4,263.2
15887,406,3,342.4
15888,80,3,143.1
15889,156,8,225.8
15890,394,5,107.1
15891,226,1,524.5
15892,669,1,128.2
15893,481,1,305.3
15894,253,2,210.1
15895,149,1,179.2
15897,194,2,111
15899,368,1,112.5
15900,23,4,225.1
15901,16,7,100.5
15902,380,1,145
15903,9,12,745
15904,8,1,164.7
15905,543,1,114.7
15906,19,10,255.6
15907,3,3,322.5
15908,490,2,382.3
15909,173,1,191.9
15910,0,15,178.8
15911,623,8,212.8
15912,178,9,119.4
15913,534,1,6.3
15914,378,2,103
15915,401,1,429.2
15916,16,13,263.6
15917,247,5,112.1
15918,190,3,194.3
15919,19,2,455.3
15920,154,9,63.5
15921,172,4,200.5
15922,373,1,739
15923,372,1,254.2
15924,731,1,102.8
15925,194,1,207.2
15926,542,1,134.4
15927,647,1,123.4
15928,656,1,293.5
15929,644,1,594
15930,67,1,426.6
15931,428,1,239.9
15932,4,8,312
15933,21,3,369.2
15935,239,2,208.4
15936,379,2,141.4
15937,64,1,145.3
15938,112,9,81.6
15940,311,1,35.8
15941,637,1,405
15942,133,1,337.4
15943,649,2,135.6
15944,276,4,541.1
15945,365,4,206.8
15946,502,3,768.1
15948,8,3,503
15949,16,2,182.4
15950,31,10,718.1
15951,8,3,337.7
15952,33,4,201.6
15954,589,1,190.8
15956,551,2,308.8
15957,31,3,310
15958,74,4,123.2
15959,682,3,193.2
15960,374,4,102.7
15961,379,1,451.3
15962,449,1,295.8
15963,19,2,235.4
15964,663,1,273
15965,17,13,231.8
15966,450,1,426.5
15967,23,12,253.5
15968,388,1,418
15969,2,5,225.4
15970,303,2,508.7
15972,456,5,362.1
15973,366,3,329.5
15974,39,7,491.7
15975,84,1,371
15976,165,6,291.1
15977,17,2,527.4
15979,602,1,329.2
15982,605,1,324.5
15983,22,8,494.9
15985,123,7,387.9
15986,30,2,177.2
15987,12,8,210.3
15988,19,3,256.7
15989,375,2,186.3
15990,44,7,287.1
15991,534,1,150.5
15992,3,3,298.9
15993,8,7,399.7
15994,54,3,400.7
15995,414,1,696.2
15996,88,7,241
15999,735,1,20.4
16001,381,1,583.4
16002,625,1,169.2
16003,29,10,561.4
16004,474,5,429.3
16005,12,10,243.6
16006,211,2,173.6
16007,47,7,439.3
16008,23,15,358.9
16009,22,4,248.2
16010,245,11,156.7
16012,35,5,598
16014,37,5,226.1
16015,3,3,235.1
16016,3,11,230.4
16017,47,5,310.8
16018,39,4,174.5
16020,16,3,283.7
16021,395,2,266.1
16022,260,1,628.3
16023,46,3,239.9
16024,12,3,161.4
16025,29,1,439.7
16026,43,1,236.1
16027,91,15,136.6
16028,595,1,82.2
16030,309,1,331.2
16031,92,2,274.5
16032,456,6,328.4
16034,196,6,154.8
16035,560,1,217.7
16036,87,4,639.2
16037,269,5,301.9
16038,7,3,157.3
16039,423,2,228.2
16040,65,7,345.3
16042,22,8,283.1
16043,37,8,232.1
16044,435,1,340.8
16045,119,8,429.4
16046,562,1,235.8
16048,373,4,268.8
16049,40,6,316.6
16050,173,3,100.2
16051,681,1,188.4
16052,54,1,362.1
16053,32,6,605.8
16054,145,4,528
16055,220,1,134.8
16056,45,1,664.9
16057,16,10,385.5
16058,406,1,62.7
16059,65,12,268.1
16060,400,3,180.7
16061,431,1,89.7
16062,9,8,357.9
16063,260,1,335.3
16064,725,1,111
16065,365,8,297.8
16066,16,5,304.4
16068,593,1,122.9
16069,417,1,457.7
16070,22,2,426.1
16071,44,4,269.2
16073,297,1,122.4
16074,390,1,265.2
16075,502,2,368.5
16076,3,10,223.5
16078,283,2,181.5
16079,16,3,450.7
16080,81,4,150.6
16081,56,8,557.5
16082,670,1,106.8
16083,100,4,587.9
16084,299,1,436.2
16085,23,12,195.3
16086,59,10,286.5
16087,389,5,348
16088,575,2,718.7
16089,386,2,135.7
16090,624,1,205.9
16091,154,2,157.5
16092,114,6,264.7
16093,106,1,17
16094,11,11,336
16095,456,1,447
16096,264,4,396.2
16097,240,1,185
16098,87,14,317.7
16099,50,7,224.7
16100,462,1,582.6
16102,42,3,614
16104,61,9,308.7
16105,248,5,477.2
16106,65,1,108.4
16107,17,7,457.7
16108,84,4,559
16109,218,3,313.2
16110,45,4,454.8
16111,428,1,562.5
16112,143,4,48.9
16113,183,1,161.4
16114,170,1,135.8
16115,9,12,214.6
16116,211,1,612.8
16117,189,3,218.1
16119,8,8,215.1
16120,59,6,509.5
16121,57,5,295.4
16122,73,6,166.9
16123,51,1,307.8
16124,317,4,443.1
16125,367,14,327.7
16127,39,2,400.7
16128,17,11,345.6
16129,407,3,465.3
16130,422,4,246.9
16132,544,2,332.1
16134,21,5,429.1
16135,262,2,409.7
16136,59,4,236.7
16137,680,1,422.7
16138,378,3,303.4
16139,18,5,222.2
16140,65,3,519.2
16141,88,2,478
16142,249,1,535.3
16143,3,12,409.2
16144,246,1,175.2
16146,157,4,236.6
16147,133,5,479.8
16148,296,2,193.3
16149,4,3,140.7
16150,42,10,439.6
16153,49,11,466.7
16155,381,5,159.4
16157,15,3,218.9
16158,522,9,69.8
16159,281,4,308.2
16160,65,2,512.7
16162,252,1,37.4
16163,232,6,474.9
16164,17,3,274.2
16165,505,1,79.9
16166,428,2,217.9
16167,414,5,277.2
16169,8,4,455.7
16171,59,1,73.2
16172,95,8,235.6
16173,15,6,236.4
16174,126,7,321
16175,94,7,262.3
16176,421,4,513.2
16177,50,8,280.9
16178,138,2,306.3
16179,60,1,215.8
16181,73,1,305.5
16183,67,4,269.5
16184,64,6,193.1
16185,16,3,214.9
16187,31,15,460.8
16188,44,5,217.5
16189,15,2,107.7
16190,40,8,340.4
16192,735,1,351.3
16193,236,2,315.2
16194,375,1,308.6
16195,723,1,323.2
16196,488,1,93.3
16197,469,9,224.1
16198,75,2,515
16199,392,7,134.7
16200,4,12,470.3
16201,3,5,422.4
16202,360,9,278
16203,58,6,185.8
16204,23,3,314.7
16205,30,7,261.5
16206,54,13,200.2
16207,25,1,394.4
16208,44,10,344
16209,88,9,460.8
16211,88,3,363.5
16212,19,4,323.4
16213,78,1,159
16214,170,4,509.6
16215,80,1,242.3
16217,235,2,152.1
16218,29,13,341.5
16219,500,1,40.8
16221,36,9,248.4
16222,318,2,672.6
16223,374,2,551.2
16224,57,5,323.3
16225,44,15,191.2
16226,203,5,134.4
16227,225,3,342.4
16228,385,3,296.9
16229,87,6,478
16230,189,2,271
16231,379,4,269.6
16232,43,7,387.6
16233,71,9,218.4
16234,476,3,111.1
16235,40,9,228.2
16236,78,1,432.2
16237,437,1,136.7
16238,422,1,63.7
16239,56,6,248.7
16242,8,14,533.9
16243,33,2,204.6
16245,23,3,471.2
16246,459,2,413.6
16247,170,1,114.6
16248,61,1,152.9
16249,52,5,360
16250,261,3,263.8
16251,512,1,128.3
16252,382,1,295.1
16254,378,3,328.4
16255,16,15,327.1
16256,266,3,543.1
16257,176,1,47
16259,410,3,120.6
16261,17,6,176.6
16262,378,1,755.1
16263,423,1,351
16264,438,2,418.8
16265,9,12,577.9
16266,73,14,125.6
16267,591,1,186.7
16268,71,2,333.8
16269,437,1,717.6
16271,2,10,346.3
16272,116,1,411.7
16273,648,2,168
16274,373,1,715.9
16275,196,3,717
16277,733,1,188.7
16278,100,3,372.6
16279,21,9,633.9
16280,725,1,238.1
16282,339,3,435.9
16283,5,8,550.5
16284,31,3,343.3
16285,646,1,176.9
16286,477,2,164.5
16287,169,5,201.4
16288,470,1,129.8
16289,462,1,136.3
16290,464,4,517.3
16291,682,1,117.7
16292,121,5,250.8
16293,21,15,310.5
16294,476,1,126.1
16295,9,4,332.1
16296,626,4,328.4
16297,268,1,301.9
16298,22,7,155.1
16299,477,1,193.7
16300,430,3,464.1
16301,736,1,107.3
16302,126,1,233.2
16304,694,1,381.7
16305,138,1,361.2
16306,213,7,170.4
16307,429,3,398.3
16308,37,7,731.4
16309,106,2,353.3
16310,414,2,230
16311,17,2,308.1
16312,432,1,171.2
16313,3,2,137.1
16314,389,3,497.1
16315,330,2,201.4
16316,64,13,441.9
16317,119,5,438.5
16318,35,1,328.1
16319,217,1,404.4
16321,72,7,86.4
16322,1,2,163.4
16323,196,2,176.8
16324,128,3,142.9
16325,46,12,299.8
16328,563,1,310.8
16329,427,4,425.8
16330,17,7,90.6
16331,432,6,339.6
16332,28,11,182.8
16334,492,1,277.5
16335,551,7,396.3
16337,36,1,151.1
16338,157,1,214.8
16339,284,1,110
16340,107,3,508.7
16341,24,7,550.1
16342,75,4,80.6
16343,16,3,229
16344,158,4,210.6
16345,44,2,599.4
16346,385,1,224.5
16347,11,11,319
16348,32,8,224.8
16349,290,1,53.5
16350,21,9,250.4
16351,332,13,256.2
16352,17,2,247.2
16354,63,5,225.9
16355,375,1,416.4
16356,197,6,69.3
16357,33,4,217.1
16358,1,5,583.9
16360,4,6,585.4
16361,9,4,224.2
16362,32,6,157.8
16363,53,1,109.4
16364,11,2,353.5
16365,17,15,220.5
16366,18,4,387
16367,37,3,454.1
16368,2,3,213.4
16369,18,7,380.7
16370,82,4,330.1
16371,448,1,157.2
16372,33,5,265.7
16373,382,2,154.7
16374,66,5,354.3
16375,470,2,52
16376,8,2,493.5
16377,267,2,654.2
16378,247,3,121
16379,4,4,539.4
16381,395,2,129.3
16382,408,2,176.6
16383,74,7,425
16384,89,4,339.7
16385,60,5,206.1
16386,28,3,367.5
16387,322,5,183.7
16388,653,1,186.1
16389,53,4,345.5
16390,536,3,155.8
16391,400,4,275.9
16392,269,3,254.3
16394,56,5,311.1
16395,60,14,252.7
16396,476,1,137.8
16397,628,1,127.9
16399,19,3,213.9
16400,94,9,351
16402,264,2,255.7
16403,312,1,177.5
16404,70,1,443
16405,302,2,83.6
16406,18,3,184.2
16407,12,14,201.5
16408,591,1,231.9
16409,36,12,475.8
16410,734,1,130.3
16411,19,4,227.5
16412,53,5,129.4
16413,56,2,264.5
16414,21,5,111.9
16415,44,3,239.8
16416,26,9,330.3
16417,492,1,35.7
16418,44,5,220.4
16419,112,8,185.9
16420,396,1,75
16421,376,3,175.4
16423,24,1,346.1
16424,191,2,221.5
16425,302,1,302.7
16426,2,10,190.8
16427,263,2,120.5
16428,413,3,220.1
16429,106,1,284.6
16430,57,7,159.7
16431,213,3,214.3
16432,64,1,287.4
16433,28,2,192.3
16434,29,12,228.5
16435,512,3,337.2
16436,668,3,109.8
16437,381,2,150.6
16438,5,5,159.7
16439,722,1,310.7
16440,7,6,642.8
16441,67,5,206.9
16442,1,5,179.9
16443,520,1,162.2
16445,33,4,150.7
16447,135,3,258.4
16448,198,2,183.9
16449,197,2,353.8
16450,149,3,501.9
16451,87,3,337.7
16452,630,2,166.1
16453,530,2,125.9
16454,44,4,7.7
16455,63,11,398.6
16456,99,13,527.9
16457,218,1,208.4
16459,729,1,71.8
16460,28,3,271.6
16461,177,3,538.4
16462,73,3,45.3
16463,21,4,355.6
16464,19,3,438.2
16465,420,2,373.1
16466,33,15,255.9
16467,508,7,409.9
16468,74,3,262.5
16469,23,5,165.8
16470,51,11,223.5
16471,274,4,297.5
16472,434,2,394.8
16473,164,4,117.7
16474,7,7,267.4
16475,88,4,136.1
16476,431,1,350.4
16477,63,11,392.7
16478,25,3,110.3
16479,10,2,150.4
16480,75,1,769.3
16481,682,1,453.4
16482,15,1,220.6
16483,192,1,139.3
16484,173,2,202.2
16485,77,5,458.9
16486,537,1,134.4
16487,577,2,104.7
16488,33,3,166.3
16489,380,2,151.8
16490,436,1,205.4
16491,46,2,766.6
16492,540,1,385.6
16493,79,7,304.6
16495,3,3,228.1
16496,8,6,388.5
16498,161,2,50.5
16499,360,8,322.3
16500,4,9,93.8
16502,620,2,133.2
16503,106,11,328.6
16504,25,1,484.4
16506,19,2,45.2
16507,572,1,152.8
16508,630,1,248.8
16509,296,1,363.7
16510,372,6,350
16511,21,6,303.2
16513,4,4,218.6
16515,52,10,321.6
16516,30,1,101.7
16517,277,1,162.7
16518,61,4,239.8
16519,25,4,139.1
16520,186,6,413.8
16521,415,3,382.7
16522,435,2,216.7
16524,446,2,154.1
16526,171,2,358.6
16527,81,2,636.2
16528,3,1,244.4
16529,190,4,503
16530,668,1,48.3
16531,22,11,208.9
16533,19,3,365.2
16534,642,1,635.9
16535,5,3,333.9
16536,110,1,549
16537,641,1,23.4
16538,541,3,133.2
16539,2,10,373.2
16540,414,1,226.7
16541,735,1,424
16542,53,2,128.7
16543,591,1,292.2
16544,519,4,94.2
16545,164,2,344.9
16547,546,1,111.7
16548,599,1,30.1
16551,95,7,319.6
16552,242,2,237.5
16554,42,8,355.2
16555,35,6,319.3
16557,24,2,140.9
16559,397,1,185.2
16560,26,8,381
16561,5,2,255.6
16562,476,1,223.9
16563,53,6,737.1
16564,569,1,87.8
16565,364,4,193.3
16566,15,5,122.9
16567,194,2,432.8
16568,427,2,510.5
16569,3,5,291
16571,26,10,424.9
16572,127,3,336.5
16573,84,2,331.8
16574,71,3,433.9
16576,420,2,270.4
16577,666,1,380
16578,626,1,156.6
16579,425,1,295
16581,182,1,105.8
16582,113,1,313.6
16583,373,2,265.7
16584,80,5,632.7
16585,593,2,170.8
16586,248,3,487.6
16587,232,1,225.2
16588,386,4,340.3
16589,71,4,153.1
16590,400,2,303
16591,68,1,213.5
16593,50,8,133.9
16594,75,1,181.1
16595,61,5,362
16596,15,4,144.9
16597,4,1,90
16598,285,1,145
16599,385,1,172.8
16600,4,13,165.6
16601,40,3,228.1
16602,36,2,381.7
16603,74,2,241.2
16604,562,2,216.2
16605,724,1,60.5
16606,404,2,178.8
16608,453,2,644.4
16610,219,1,75.7
16611,186,6,297.5
16612,32,9,360.6
16613,70,1,618.6
16614,182,3,393.3
16615,626,1,291.5
16616,15,2,250.2
16617,235,1,151.8
16618,31,5,529.5
16619,263,4,484.6
16620,3,6,293.2
16621,51,4,203.4
16622,543,1,225.4
16623,245,4,253.8
16624,80,2,405.3
16625,274,5,330.8
16627,79,1,322.8
16628,29,7,331.2
16629,73,2,208.9
16630,407,1,106.8
16631,481,7,270.4
16632,485,2,203.2
16633,17,6,480.5
16634,222,6,302.4
16635,406,1,473
16637,32,4,288.6
16638,22,15,162
16639,31,4,437
16640,397,1,179.4
16641,105,2,277.2
16642,4,3,359.2
16643,245,2,461.6
16644,177,2,416.9
16645,735,1,160.4
16646,449,1,678.8
16647,169,4,135.5
16648,42,3,224.3
16649,520,1,306.6
16650,71,7,273.7
16651,586,1,136.2
16653,16,2,606.3
16654,141,8,213.9
16655,17,13,503.7
16657,9,4,233.4
16658,368,6,135.7
16659,189,1,39.1
16660,16,7,268.5
16661,540,4,246.7
16662,394,1,163.8
16663,729,1,165
16664,569,1,109.2
16665,362,1,135.4
16666,19,2,113
16667,68,2,285.1
16668,15,13,66.3
16669,23,3,458.3
16671,28,3,564.1
16673,679,1,188.8
16674,54,2,159.8
16675,441,2,304.4
16676,33,6,393.7
16677,411,2,440.3
16678,2,12,259.2
16679,366,3,264.4
16680,43,3,273.8
16681,72,7,274.5
16682,4,5,205.6
16683,533,1,320.2
16685,61,2,162.1
16687,390,1,157.6
16688,1,4,315.2
16689,75,2,211.3
16690,72,4,88.3
16691,418,2,89.4
16692,256,4,478.7
16693,68,5,239.9
16694,723,1,98.3
16695,561,2,96.6
16696,135,4,164.5
16697,241,1,112.8
16699,380,7,142.1
16702,415,4,277.7
16704,618,2,347.8
16706,37,3,177.1
16707,400,4,137.8
16708,45,1,656.6
16709,84,14,649.1
16711,3,9,318.7
16712,9,13,328.2
16714,218,4,382.4
16715,78,2,312.8
16716,266,3,716.6
16717,23,14,499
16718,369,5,729.5
16719,14,14,283.8
16720,26,3,265.2
16721,262,1,292.5
16723,91,4,325.4
16724,404,1,147.3
16725,302,14,134.4
16726,26,7,298.3
16727,364,4,359.4
16728,46,4,263.7
16730,52,3,247.7
16731,648,1,174.1
16733,529,1,259.7
16734,52,3,216.8
16735,78,14,447.9
16736,505,5,591.3
16737,53,2,417.6
16738,297,1,3.8
16739,176,2,393.2
16740,395,1,236.8
16741,625,1,173.1
16742,46,14,203.8
16743,29,14,303.8
16744,11,7,186.4
16747,37,2,418
16748,17,14,259.8
16750,44,5,124.8
16752,372,1,415
16753,58,1,223.9
16755,114,7,414.4
16756,214,7,187.5
16757,318,2,135.2
16758,65,1,369.3
16759,7,3,263.3
16760,430,1,228
16761,96,1,316.6
16762,19,3,500.5
16763,198,2,482.3
16764,3,13,215.3
16765,294,2,227.4
16766,273,2,572.8
16767,30,15,538.3
16768,47,9,189.8
16769,260,4,285.4
16770,57,9,214.7
16771,33,10,396.8
16773,57,3,140.4
16774,67,8,199.3
16776,60,2,309.9
16777,80,5,261.6
16778,74,2,123
16780,100,3,201.8
16781,372,2,467.1
16783,436,1,392
16784,19,5,179.3
16785,409,1,533.8
16786,393,1,51.8
16787,397,4,258.9
16788,123,5,390.1
16789,8,1,80.8
16790,3,6,257.6
16791,29,15,269.2
16792,282,5,124.7
16793,57,1,243.8
16794,1,15,139.4
16796,89,1,305.6
16797,393,5,365.6
16798,554,3,282.9
16799,432,2,248
16801,163,4,404.9
16802,679,2,291.3
16803,65,1,332.3
16804,23,3,179
16805,173,5,219.4
16806,103,4,200.4
16807,142,6,354
16808,99,2,144.2
16809,23,9,191.9
16810,192,2,421
16811,4,2,273.5
16812,360,4,598
16813,8,10,169.3
16815,453,2,205.5
16816,103,4,104.3
16817,2,13,215.8
16818,10,11,304.5
16819,465,2,91.3
16820,95,1,497.6
16821,381,1,113.3
16822,686,1,181.4
16823,227,7,322.9
16824,15,3,228.7
16825,38,5,365.4
16826,51,1,341.7
16827,393,5,78.4
16828,93,2,64.2
16829,156,2,256.7
16830,38,4,301.9
16831,564,1,91.8
16832,184,5,83.5
16833,1,6,401.5
16834,227,2,449.5
16835,128,6,256.4
16836,39,4,195.6
16837,31,11,288.3
16838,197,4,289.9
16840,603,2,69.9
16841,36,12,333.8
16842,100,3,421.4
16844,562,2,307.2
16845,618,1,253.9
16846,50,3,280.8
16847,43,2,307.4
16848,52,4,352.9
16849,186,1,124.6
16850,333,1,332.4
16851,4,3,114.1
16852,10,2,72.5
16854,417,2,704.5
16855,23,2,164.2
16856,14,3,119.5
16857,442,1,352.8
16858,368,10,466.8
16859,144,7,276.1
16860,452,3,536.9
16861,59,5,189.3
16862,547,4,165.6
16863,31,3,332.8
16864,434,2,204.6
16865,401,1,130.9
16866,140,3,69.2
16867,689,1,76.7
16868,394,3,131.1
16869,22,4,206.4
16870,469,1,450.2
16871,22,6,468.7
16872,77,6,202.2
16874,379,1,217.7
16875,67,11,385
16876,403,1,136
16877,12,6,142.3
16878,84,1,13.3
16880,30,8,230.1
16881,66,1,432
16882,66,3,235
16884,37,4,268.5
16885,15,4,177.7
16886,456,1,134
16887,35,3,220.2
16888,400,3,145.7
16889,194,6,421.8
16890,476,3,95.1
16891,1,11,187
16892,1,7,108.9
16893,366,2,200.9
16894,502,3,441.4
16895,64,5,224.3
16896,555,1,104
16897,299,2,144.9
16898,26,5,203.3
16899,7,8,215.1
16900,16,3,295.7
16901,729,1,204.3
16903,29,3,354.1
16906,81,7,207
16907,29,9,189.8
16908,722,1,252.6
16909,72,1,379.1
16910,4,8,188.8
16911,635,2,127.6
16912,28,15,298.7
16913,290,3,141.3
16914,36,1,208.5
16915,9,11,140.3
16916,23,4,280.9
16920,411,1,355.4
16921,61,3,148.9
16922,572,1,611.1
16924,21,3,282.2
16925,540,1,125.7
16926,371,5,284.3
16927,115,3,181
16929,3,7,185.1
16930,26,3,126.9
16932,53,3,146.9
16933,1,9,353.5
16934,54,6,351.8
16935,381,3,178.4
16936,25,2,275.6
16937,499,1,202.1
16939,488,3,149.7
16941,611,1,33
16942,12,9,213.4
16943,211,5,259.9
16944,609,1,101.4
16946,383,5,244.4
16947,235,5,191
16948,138,7,124.1
16949,3,6,214.4
16950,56,10,378.4
16951,134,3,425.9
16952,109,5,159.8
16953,30,1,20.8
16955,184,6,218.2
16956,17,1,308.7
16957,239,2,208.3
16959,87,1,117.4
16960,38,8,255.4
16961,116,3,264.9
16962,409,1,251
16963,187,1,110.6
16964,733,2,103.9
16965,226,1,201.2
16966,8,7,307.9
16967,189,1,319
16968,4,2,219.7
16969,39,3,216.8
16970,626,1,71.4
16971,38,1,357.2
16972,382,2,393.1
16973,386,1,127
16974,522,2,182.8
16975,423,3,308.7
16976,267,1,251.5
16977,395,4,124
16978,77,3,256.3
16979,3,9,317.7
16980,255,3,491.1
16982,60,1,384.1
16983,12,11,337.3
16986,29,11,444.4
16987,3,11,230.5
16988,5,2,191.3
16989,7,6,188.9
16990,218,2,172
16992,10,13,421.3
16996,30,9,236
16997,288,3,234
16998,149,5,80.4
16999,23,2,242.4
17000,396,2,203.2
17002,85,7,367.4
17003,402,4,207.5
17004,46,4,606.3
17005,470,2,371.2
17006,4,8,204.5
17007,50,7,160
17008,429,1,81.4
17009,551,1,242.1
17010,18,1,195.4
17011,30,3,223.9
17012,725,1,384.2
17014,8,3,195.4
17015,28,3,614.2
17016,576,1,552.4
17018,40,6,381.3
17019,11,11,364.7
17020,542,2,467.8
17021,442,6,197
17022,31,2,130
17023,417,3,266.7
17024,45,3,32
17025,60,5,302.1
17026,185,3,69.7
17027,78,9,147.5
17028,581,3,531.3
17029,110,7,305.3
17030,63,1,146.9
17031,11,6,462.3
17032,547,8,375.6
17033,86,4,333.2
17034,16,5,256.8
17035,245,4,153.4
17036,383,1,176.9
17038,30,2,371.6
17040,137,2,231.6
17041,26,6,281
17042,2,5,208.9
17043,32,8,327.1
17045,113,5,165.5
17046,157,5,381.2
17047,85,6,381.5
17048,117,7,296
17050,96,11,426.5
17051,194,4,178.6
17052,28,1,413.8
17053,130,1,498.5
17054,28,5,271.3
17055,445,1,239.6
17056,738,1,128.6
17057,596,1,294.7
17058,81,3,393.3
17059,29,9,622.5
17060,266,1,234.2
17061,73,11,475.7
17062,313,6,201.4
17063,21,13,279.9
17064,58,3,286.4
17065,637,2,97.3
17066,726,1,228.3
17067,724,3,151.5
17069,28,14,413.9
17070,114,2,222.7
17071,28,13,292.4
17072,625,1,282
17073,17,4,361.5
17074,562,1,203.1
17075,17,10,224.2
17076,36,6,207.1
17077,578,1,306
17078,36,2,189.1
17079,78,1,118.8
17080,22,7,136.8
17081,25,6,160.7
17083,109,9,450
17086,7,6,341.7
17087,737,1,221.5
17088,28,4,497.8
17089,386,1,128.4
17090,4,13,242.3
17092,50,11,508.6
17093,592,1,235.9
17094,322,2,201.1
17095,22,7,367.5
17096,15,11,341.7
17097,2,9,148.9
17098,381,3,197
17099,533,1,582.2
17100,18,2,485.9
17101,10,7,358.2
17102,261,1,25.5
17103,722,1,424.3
17104,423,1,474
17105,159,2,332.9
17106,389,1,491.2
17108,663,1,174.9
17109,29,8,161.9
17110,165,3,170.2
17111,47,2,238.3
17112,502,1,205.2
17113,574,6,387.1
17114,5,8,101.1
17115,8,7,394.5
17116,648,1,389.8
17117,288,1,116.2
17118,317,1,157
17119,3,2,303.5
17120,233,1,307.5
17121,402,1,314.7
17122,119,4,142.6
17123,161,3,325.7
17124,185,1,298.9
17125,50,1,259.4
17126,152,9,230
17127,428,5,231
17128,334,1,157.1
17129,520,1,31.9
17131,5,5,492.6
17132,452,2,636.4
17134,106,3,212.4
17135,16,10,195.4
17136,662,1,231.7
17137,416,6,188.9
17138,275,7,631
17140,247,1,465.3
17141,418,4,188.6
17142,239,4,320.9
17143,417,2,462.1
17144,1,2,492.3
17146,105,13,450.8
17147,22,9,355.5
17148,51,1,124.9
17149,451,1,143.1
17150,376,6,229.3
17151,735,1,231.9
17152,194,4,504.1
17153,24,1,213.8
17154,75,1,329.3
17155,17,7,127.5
17156,491,1,591.9
17158,32,5,396
17159,21,5,419.9
17162,28,10,171.5
17163,21,4,174.9
17164,32,7,352.5
17165,284,6,299.1
17166,38,2,103.2
17167,379,3,289
17168,498,1,400.2
17169,57,3,385.6
17170,374,2,89.3
17171,289,2,192.3
17172,78,3,318.9
17173,5,8,470.8
17174,217,1,59.9
17175,44,4,360.9
17176,201,3,300.8
17177,505,1,119.5
17178,731,1,436.7
17179,178,6,251.2
17180,56,11,205.2
17181,57,3,155.1
17182,422,2,160.7
17183,7,6,557.9
17184,569,2,99.2
17185,591,3,76.5
17186,46,2,72
17187,226,2,233.9
17188,11,13,353.3
17189,106,5,191.5
17190,58,7,249
17191,28,15,322.4
17192,536,1,77.8
17193,35,9,256.7
17194,273,3,270.8
17195,655,1,563
17196,427,1,352.9
17198,23,3,404.6
17199,582,1,145.1
17200,387,4,89.2
17201,53,4,310.5
17202,420,1,160.7
17203,35,10,557.6
17204,175,9,611.6
17205,53,3,333.1
17206,53,1,204.2
17207,652,1,303.2
17208,395,1,115.3
17209,649,3,203.9
17210,392,1,253.4
17211,26,13,311.3
17212,253,3,264.8
17213,40,13,398.6
17214,60,6,178.2
17215,464,1,186.2
17216,554,1,65
17217,234,2,109
17219,31,2,129.6
17221,7,5,195.7
17222,65,6,267.5
17223,310,3,291.2
17224,501,1,100.9
17225,581,1,131.2
17226,308,3,300
17227,18,12,168.5
17228,15,13,244.4
17229,96,2,159.4
17232,2,2,210.8
17233,35,3,187
17234,182,1,149.9
17235,25,8,238.1
17236,12,12,160.8
17237,11,4,250.5
17239,312,4,297.4
17240,596,1,130.6
17241,385,12,228.7
17242,108,5,577.9
17244,53,5,365.2
17245,204,2,185.8
17246,546,2,19.5
17247,15,1,282.2
17248,120,2,273.1
17249,428,1,68
17250,3,2,192.3
17251,362,3,270.8
17252,116,2,176.9
17253,18,1,178.3
17254,4,3,156.9
17255,40,4,199.8
17256,107,5,99.8
17257,436,2,96.4
17258,396,2,208.7
17259,148,6,314.9
17260,411,1,121
17261,509,1,230.4
17262,52,11,250.7
17263,208,1,63.4
17264,424,1,279.6
17265,138,2,281.4
17266,2,5,103.5
17267,127,2,158.8
17268,107,11,157.6
17269,385,1,537.5
17270,469,2,302.2
17271,736,1,210.4
17272,42,4,537.2
17273,424,1,141.1
17274,35,2,288.7
17275,383,1,114.5
17276,402,1,508.4
17277,227,2,532.7
17278,241,2,135.6
17279,57,1,187.8
17280,438,1,118.9
17281,374,6,133
17282,130,5,467.9
17283,378,1,188.5
17284,60,8,349.1
17285,628,2,214.2
17286,21,3,131.8
17288,9,11,227.3
17289,31,9,231
17290,3,8,187.7
17291,308,1,550.8
17292,472,2,135.9
17294,669,2,233.9
17295,28,3,185.7
17296,730,1,338.1
17297,17,1,131.8
17298,101,5,191.5
17299,11,6,169.3
17300,390,2,196.8
17301,21,2,165.2
17302,14,5,227.1
17303,361,1,250
17304,534,1,111.5
17307,395,11,363.6
17309,95,3,110.2
17310,387,2,512.5
17311,78,6,594.4
17312,138,3,214.8
17316,420,1,124.4
17318,725,1,164.3
17319,669,1,29.1
17320,100,6,482.6
17321,8,6,290.2
17322,376,5,184.5
17323,15,12,130.5
17324,17,12,191.8
17325,280,3,203.2
17326,408,2,161
17327,409,2,76.2
17328,673,1,104.7
17329,14,5,200.9
17330,22,4,106
17331,123,1,175.2
17332,528,5,167.7
17333,85,1,494.2
17334,302,3,211.7
17335,383,2,254
17336,472,1,81.1
17337,151,4,507
17339,94,3,120.8
17341,156,5,378
17342,379,4,306.9
17343,355,6,210
17344,46,2,234.1
17345,15,10,160.5
17347,86,1,229
17348,14,9,275.2
17349,179,5,170.4
17350,8,7,272.3
17351,36,12,165.7
17352,696,1,36.2
17355,386,1,285.1
17356,311,5,189.3
17357,24,2,194.1
17358,303,5,173.2
17359,11,2,142.2
17360,17,6,205.2
17361,49,5,176.1
17362,239,7,146.3
17363,395,3,313.6
17365,12,15,548.3
17366,432,2,548.1
17367,238,1,168.4
17368,23,14,201.9
17370,72,4,111.5
17371,17,6,110.4
17373,40,7,166.8
17374,218,3,242.4
17375,199,4,165.1
17376,70,4,113.4
17378,374,1,10.9
17379,11,1,404.7
17380,434,3,215
17382,65,8,112.8
17383,4,2,155
17384,19,3,169.2
17385,14,1,261.1
17386,7,7,401.8
17387,19,2,392.1
17388,77,11,244.7
17390,420,1,149.3
17391,163,2,254.4
17392,306,3,208.9
17393,410,2,190.6
17394,219,1,203.9
17395,508,1,97.5
17396,39,14,629.1
17397,22,3,411.1
17398,114,3,217.8
17400,126,8,584.6
17401,541,1,114.8
17403,36,2,200.3
17405,1,3,343.8
17406,333,13,377.3
17407,411,1,552.9
17408,163,3,105.4
17410,16,5,242.9
17411,12,5,285.1
17413,404,2,280.1
17414,43,6,374.9
17415,79,1,507.8
17417,548,1,164.2
17418,42,3,223.4
17420,50,6,180.7
17421,386,3,353.1
17422,16,11,326.8
17423,46,3,373
17425,19,2,379.6
17426,8,13,621.4
17427,71,1,100.8
17429,128,5,271.5
17430,32,4,183.8
17431,313,1,403.3
17432,18,9,194.6
17433,88,2,285
17434,2,7,339.1
17435,411,1,331.4
17436,1,5,106.8
17437,529,1,373.2
17438,253,5,284.6
17439,655,1,325.7
17440,156,4,80.9
17441,732,1,293.4
17442,36,15,308
17443,219,1,534.2
17446,176,2,60.5
17447,40,2,270.8
17449,2,13,380.9
17451,1,7,245.9
17453,17,2,243.4
17454,192,10,154.8
17455,203,1,131.7
17456,365,2,612.7
17457,126,14,427.5
17458,15,2,264.8
17459,43,2,328.6
17461,22,3,252.5
17462,60,2,337.8
17463,16,7,365.4
17464,158,3,333.6
17465,425,7,363.3
17466,10,2,381.6
17467,395,1,102.6
17468,10,3,64.9
17470,44,11,255
17471,474,1,321.7
17472,191,4,233.8
17473,408,2,303.5
17475,79,1,194.4
17476,395,2,244.9
17477,612,2,572.1
17478,408,2,636.4
17479,632,1,389.3
17480,77,2,451
17481,3,4,313.9
17482,487,2,389.1
17483,65,4,147.9
17484,576,2,104.8
17486,261,1,396.9
17487,728,1,160.6
17488,641,1,336.5
17489,58,2,188.3
17490,0,9,305.6
17492,248,3,374.1
17493,385,1,100.9
17494,501,1,54.7
17495,7,3,268.9
17496,358,4,353.2
17497,390,2,143.6
17498,75,1,272.2
17499,289,2,670.7
17500,17,3,379.3
17501,220,2,144.3
17502,9,4,172.3
17503,2,2,279.5
17505,161,5,487.1
17506,75,1,302.2
17507,261,2,302.8
17508,280,8,572.4
17509,57,8,764.4
17510,24,2,257.3
17513,72,3,386.3
17514,128,2,271.4
17515,31,9,179.7
17516,15,6,159.6
17517,308,1,153.9
17518,425,2,164.7
17519,17,15,340.6
17520,53,1,546.8
17521,29,5,255.6
17522,1,5,214.1
17523,11,4,163.2
17524,361,3,179.7
17525,359,3,387.3
17526,4,12,347.2
17527,53,4,234.8
17528,1,8,453.6
17529,610,2,620.1
17530,1,12,261.8
17531,190,3,422.3
17532,385,1,65.3
17533,434,1,34.8
17534,53,5,333.8
17535,280,1,164.4
17536,177,3,121.6
17537,29,2,448.8
17538,25,1,98.4
17539,617,4,306.6
17540,24,6,265.1
17541,509,1,124.5
17542,269,3,113.9
17543,549,1,120
17544,390,3,320.2
17545,43,6,241.4
17547,375,2,363.9
17548,233,4,182.8
17549,23,2,74.4
17550,197,9,283.1
17551,359,1,306.8
17552,60,12,257.1
17554,1,5,390.5
17555,19,5,211.5
17556,205,2,150.3
17557,14,4,143.9
17558,393,1,259.2
17559,512,1,167.6
17560,94,8,237
17561,19,4,180.6
17562,14,7,160.3
17563,578,2,196.2
17564,24,3,151.3
17565,586,1,131.8
17566,8,2,450.6
17567,7,9,595.1
17568,633,1,382.8
17569,332,1,344.1
17570,381,1,100
17571,50,5,340.8
17572,71,10,72.3
17573,29,3,126.9
17574,242,1,185.7
17575,667,1,171.7
17577,645,2,174.4
17578,218,7,149.6
17579,4,4,188.3
17580,252,5,109.1
17582,236,5,290.1
17583,560,1,135.9
17585,109,7,299
17586,619,1,167.4
17587,628,1,181.7
17588,100,7,419.9
17590,2,3,493.1
17591,73,8,347.1
17592,738,1,148.3
17593,3,11,736
17594,85,4,624.5
17595,12,2,194.4
17596,23,13,378.5
17597,213,5,696.8
17598,381,1,410
17599,477,1,52
17600,17,1,161.7
17601,239,2,210.7
17602,2,14,532.2
17603,78,4,448.4
17604,217,6,157.7
17605,590,1,160.8
17606,737,1,87.3
17607,376,1,333.8
17608,33,4,124.6
17609,40,11,172.2
17610,540,5,305.9
17613,22,14,325.7
17614,57,1,390.1
17615,130,6,122.2
17616,173,4,265.2
17617,558,1,395.3
17618,5,11,370.3
17619,312,1,218.5
17620,59,1,81.4
17621,21,6,529.2
17622,597,2,565.1
17623,32,7,340.5
17624,14,4,392.2
17625,18,8,758.5
17626,602,1,254
17627,478,1,296.4
17628,81,1,75.8
17629,5,10,245.6
17630,169,2,251.8
17631,1,7,142.6
17633,31,7,293.9
17634,36,9,262.4
17635,424,3,421.9
17636,19,1,285.6
17637,31,2,273.5
17638,647,2,421.2
17639,276,6,102.5
17640,86,6,528.2
17642,119,5,364.9
17643,373,2,270.6
17646,219,12,345.8
17647,65,3,110.6
17648,60,5,443.3
17649,138,3,526.3
17650,21,1,166.1
17652,25,12,405.6
17653,36,4,301.9
17654,277,1,117.6
17655,10,9,405.8
17656,73,5,334.9
17657,430,1,126
17658,25,2,297.7
17659,17,14,273.9
17660,141,2,179.7
17662,661,2,206.5
17664,18,4,291.6
17665,493,1,563.1
17666,3,5,409.6
17667,66,9,439
17668,1,2,173.9
17669,42,10,614.2
17670,227,1,205.7
17671,15,5,480.7
17673,1,13,325.7
17674,74,2,425.9
17676,4,10,276.6
17678,263,2,299.9
17679,52,7,511.1
17680,23,3,165.8
17681,597,5,146.2
17682,10,11,405.2
17683,385,3,273
17684,43,1,239.4
17685,16,12,495.3
17687,420,1,432.7
17688,393,1,304.2
17689,388,2,158.5
17691,358,4,195
17692,127,12,248
17693,137,1,200.5
17694,141,3,565.3
17695,131,5,349.2
17697,236,1,339
17698,260,1,154.9
17699,476,2,221
17700,16,14,477.1
17701,252,1,418
17702,30,6,524
17703,35,4,273.7
17704,168,2,442.6
17705,3,11,189.4
17707,185,8,76.2
17708,187,4,222
17709,169,5,134.2
17710,423,1,293.5
17711,10,2,192.6
17712,44,1,522.9
17713,382,4,299.5
17714,320,5,282
17715,200,2,244.8
17717,421,1,376.9
17718,232,2,219.6
17719,37,15,359.7
17720,26,10,276.9
17721,659,1,307.2
17723,127,7,482.6
17724,71,3,344.3
17725,16,11,312.6
17726,395,7,156
17729,596,1,438.7
17731,79,6,284.8
17732,372,8,308.8
17733,38,2,346.1
17734,53,6,240.4
17736,9,3,125.8
17737,9,2,84.1
17738,19,13,321.8
17740,389,6,71.2
17741,406,2,50.5
17742,113,11,190.8
17743,448,1,229.2
17744,3,7,378.4
17745,477,2,300.2
17746,240,4,226
17747,112,1,71.4
17748,527,1,358.1
17749,178,3,342.1
17750,5,9,199.7
17751,421,1,157.9
17752,359,1,80.6
17753,464,4,97.6
17754,0,13,352.1
17756,375,3,244.6
17758,19,12,417.7
17759,17,5,255.4
17760,21,6,153.2
17761,32,1,712.8
17762,456,1,129.8
17763,263,4,21.5
17764,50,5,324.7
17765,158,4,132.7
17766,381,2,149.8
17767,15,2,206.5
17768,8,7,501.4
17770,198,5,228.7
17771,56,4,96.9
17772,10,3,128.3
17773,514,2,292.6
17774,96,9,369.8
17775,254,1,56.4
17776,386,2,169.3
17777,24,3,222
17778,661,1,197.7
17779,21,3,219.5
17780,667,3,117.6
17781,159,2,94
17782,382,2,339.5
17783,72,3,126.6
17784,550,1,112.9
17785,53,3,134.5
17786,85,2,139.4
17787,152,4,650.4
17788,73,2,559
17789,281,2,198.6
17791,29,1,106.1
17792,467,2,185
17793,25,1,323
17794,686,2,73.7
17795,179,2,175.2
17796,40,7,194.6
17797,22,8,248.2
17798,581,1,183.1
17800,37,9,133.2
17801,451,3,266.1
17802,82,10,505.3
17803,392,1,184.7
17804,376,3,128.4
17805,73,2,463.5
17806,11,1,546
17807,395,3,146
17808,548,4,65.7
17810,668,2,187.4
17812,12,7,166.6
17813,14,5,354.2
17815,393,1,592
17816,36,6,18.7
17817,4,6,134.6
17818,737,1,130.2
17819,71,12,551
17820,374,1,183.6
17821,406,1,334.6
17822,420,5,437.7
17823,421,2,247.1
17824,51,1,298.4
17825,598,4,183
17826,374,1,134.6
17827,5,6,398
17828,22,4,455
17830,1,3,132.9
17831,33,1,35.4
17832,49,1,155.4
17833,723,1,342.4
17834,414,2,365.2
17835,2,3,116.9
17836,47,1,110.2
17837,42,8,199.2
17838,26,13,517.1
17839,42,1,338.8
17840,443,1,185.7
17842,602,1,430.7
17843,303,2,163.1
17844,106,1,51.6
17845,555,4,149.5
17847,515,2,64.8
17849,218,8,133
17851,422,6,260.6
17852,11,5,132.6
17853,407,3,536.1
17854,185,6,178.6
17855,372,1,417.9
17856,1,4,354.5
17859,304,1,148.2
17860,368,4,253.9
17862,323,4,319.8
17863,59,12,478.8
17864,12,5,184.9
17866,142,3,378.3
17867,30,15,108.1
17868,386,1,234.7
17869,107,7,148
17870,2,13,239.1
17871,204,5,223.8
17872,381,1,235.9
17874,185,6,113.9
17875,688,1,167.1
17877,170,1,237.6
17878,43,3,470.8
17879,173,1,178.5
17880,364,3,275
17881,304,1,133.3
17882,379,2,156.7
17883,3,7,142.3
17885,12,1,190.2
17886,31,6,268.1
17887,129,1,111.3
17889,212,7,110.7
17890,322,2,301
17891,162,1,203.9
17892,56,3,81.4
17893,225,1,112.2
17895,44,1,98
17896,23,1,256.3
17897,172,9,287.2
17898,85,4,74.8
17899,159,1,155.8
17900,190,2,56.1
17901,29,3,86.7
17902,546,1,216.4
17903,394,1,381.1
17904,21,1,191.7
17905,71,13,183.3
17906,247,1,72.9
17907,640,1,291.8
17908,373,5,282.3
17909,737,1,132.6
17910,726,1,261.7
17911,9,1,366.2
17912,310,6,62.6
17913,58,14,248.5
17914,3,1,336.4
17915,551,1,242.1
17916,628,2,21.9
17917,45,3,113.8
17918,500,3,132.1
17921,64,10,242.3
17922,543,1,170.4
17923,282,3,165.7
17924,11,8,442.1
17925,372,1,488.2
17926,133,5,207.1
17927,721,1,294
17928,45,3,113.7
17929,11,12,256.8
17930,35,13,328.9
17931,134,14,245.5
17932,29,3,443.9
17933,632,1,114.7
17934,51,3,349.7
17935,138,7,98
17936,5,1,389.8
17937,8,7,614.5
17938,420,1,144.3
17939,159,1,99.1
17941,130,4,358.3
17942,7,1,77.5
17944,423,1,75.4
17945,696,3,120.1
17946,233,2,74.8
17947,37,1,176.7
17948,147,1,358.6
17950,72,7,204.7
17951,39,4,409
17952,378,4,204.9
17953,540,1,160.8
17955,198,6,158.3
17956,249,1,12.8
17957,66,1,111.7
17958,116,2,486.9
17959,592,1,140.8
17960,171,3,45
17962,142,4,171.9
17963,471,4,162.9
17964,31,2,366.7
17966,37,10,197.4
17967,371,2,178.6
17968,373,4,222
17970,211,1,582.6
17971,548,1,161.9
17972,241,1,136
17973,51,1,337
17974,24,6,309.7
17976,372,1,706.4
17978,365,4,365.4
17979,35,4,189.4
17980,165,4,258.4
17981,410,1,239.1
17982,680,1,138.2
17983,395,1,171.7
17984,145,5,238.3
17985,22,1,635
17986,56,1,20.8
17987,185,5,200.7
17988,11,14,35
17989,379,1,228.8
17990,236,6,254.6
17991,225,3,106.9
17992,389,1,254.1
17993,617,1,235.2
17994,121,11,210.3
17995,281,3,165.2
17996,379,3,160.8
17997,74,8,246.3
17998,380,3,213.1
17999,37,3,243.6
18000,564,1,124.2
18001,12,6,159
18002,375,4,62.5
18003,376,1,358.6
18004,362,1,169.5
18005,3,2,124.9
18006,23,4,249.5
18007,392,1,220.3
18009,235,8,269.5
18010,256,1,174.8
18011,373,2,263.5
18012,723,1,115.3
18013,155,2,93.6
18014,28,1,166.4
18015,4,1,120
18016,32,7,280.1
18017,81,4,172
18018,108,4,74.5
18019,51,1,38.5
18020,543,1,190.5
18021,509,2,113.5
18022,35,5,330.4
18024,152,2,194.9
18025,379,6,196.3
18027,98,1,115.3
18028,583,1,192.1
18029,642,1,433.8
18030,4,2,115.3
18031,378,1,462.1
18032,334,1,73.5
18033,65,1,98
18034,21,3,264.6
18035,35,5,255.3
18036,32,11,142.1
18037,154,15,11.2
18038,556,1,149.4
18039,374,4,144.8
18040,19,2,178.6
18042,53,2,140.6
18043,24,3,292
18045,45,1,189.4
18046,649,1,189.6
18047,381,2,171.3
18048,203,3,133.9
18049,437,2,278.3
18050,359,2,206
18051,634,7,326
18053,70,3,190.4
18054,392,1,176.5
18056,288,2,277.3
18057,393,3,401.2
18058,9,3,258
18059,23,3,102.2
18060,408,2,592.7
18062,173,6,272.1
18063,390,2,93.3
18064,133,11,408.6
18066,75,3,480.1
18067,40,1,396.3
18068,289,1,101.7
18069,26,11,412.8
18070,669,1,314.1
18071,257,6,238.1
18072,185,1,247.4
18073,114,12,323.1
18074,373,2,754.5
18076,380,1,151.5
18078,217,4,211.2
18080,18,2,615.8
18081,36,3,114.5
18082,25,1,703.4
18083,397,1,470.7
18084,16,3,271
18085,330,4,411.4
18086,274,1,101.3
18088,61,1,167.7
18089,446,1,428.4
18090,421,1,349.4
18091,593,1,360.9
18093,93,8,556.6
18094,81,13,491.7
18095,312,5,460.6
18096,11,6,300.9
18097,7,11,423.9
18098,396,1,550.8
18099,127,1,168.3
18100,550,1,451.6
18101,11,5,125.8
18103,549,1,105.8
18104,37,1,754.6
18105,37,1,113.5
18106,329,6,243.6
18107,442,1,167.1
18108,254,3,282.9
18110,19,2,217.7
18111,589,1,405.9
18112,12,4,194
18113,368,1,152.6
18114,290,1,220.1
18115,697,1,9.7
18116,67,13,165.7
18117,25,1,320.7
18119,367,1,362.2
18120,214,1,111.2
18121,149,2,336.6
18122,8,6,304.4
18123,24,3,228.2
18124,472,1,111.5
18125,29,4,285.7
18126,60,1,206.8
18127,19,4,140.4
18128,537,1,420
18129,243,1,112.6
18130,15,3,353.1
18131,631,1,223
18132,504,1,226.9
18134,598,2,222.5
18135,29,10,125
18136,63,5,326.3
18137,551,2,73
18138,295,1,152.7
18141,401,2,441.2
18142,157,2,509.8
18143,116,2,500.1
18145,12,11,510.7
18146,140,2,80.2
18147,45,2,89.7
18148,646,1,114.1
18149,50,7,232.1
18150,32,3,188.9
18151,134,6,313.2
18152,646,1,426.7
18153,659,1,246.2
18154,3,5,186.5
18155,75,3,123.9
18156,12,2,470.6
18157,571,1,215.3
18158,9,2,226.7
18159,301,1,530.1
18160,57,3,334.6
18161,15,6,300.5
18162,732,1,379.2
18163,584,1,728.8
18164,37,1,399.7
18165,177,1,302.5
18166,623,1,175.5
18167,23,3,461.6
18169,60,1,202.7
18170,33,9,319.8
18171,58,9,270.8
18173,86,5,539.3
18174,7,2,81.2
18175,675,1,176.1
18176,358,1,476.4
18177,31,9,246.3
18178,128,11,554.9
18179,9,8,318.4
18180,4,6,307.3
18181,24,5,241.2
18182,463,1,291.1
18183,227,2,316
18184,15,1,49.8
18185,249,1,304.2
18186,722,1,329.6
18187,631,1,724.9
18188,15,6,546.8
18189,77,3,467.9
18190,192,5,149.1
18191,261,2,264.7
18193,165,3,402.4
18194,82,6,693.7
18195,387,1,101.2
18196,95,4,366.1
18197,575,1,230.1
18199,683,1,344.8
18200,106,1,163.8
18201,722,1,447.5
18202,199,3,465.7
18203,157,4,126.1
18204,71,3,664.6
18205,36,2,258.7
18206,553,1,314.7
18207,499,1,544.5
18208,565,1,360.1
18209,28,1,139.1
18210,1,7,395.5
18211,25,5,120
18212,326,2,273.4
18213,236,1,232.5
18214,530,4,445.1
18215,89,5,449.5
18216,31,1,481.8
18217,29,4,236.3
18218,211,4,285.5
18220,226,6,320.3
18221,22,6,237.5
18222,92,1,443
18224,263,1,159
18227,217,2,194.4
18228,56,2,390
18230,9,9,476.8
18232,81,4,148.2
18233,325,1,440
18234,551,1,179.6
18235,71,3,598.8
18236,29,12,149.6
18237,2,5,197.4
18238,515,1,270.9
18239,218,6,358.4
18240,46,1,422.6
18242,72,8,450.7
18243,414,1,515.8
18244,430,2,284.3
18246,23,3,252.9
18247,414,3,279.9
18248,122,2,402
18249,17,1,95.3
18250,310,1,349.3
18252,50,7,220.3
18253,642,1,317.9
18254,581,1,267.9
18255,89,2,151.6
18256,387,1,110.7
18257,39,12,383.3
18258,464,6,343.3
18259,24,7,616.9
18261,43,2,162.1
18262,140,3,192.5
18263,25,3,404.4
18264,498,1,603.2
18265,72,2,400.8
18266,434,1,251.1
18267,672,1,269.4
18268,134,6,248.4
18269,366,1,337.2
18270,38,3,148.2
18271,609,2,340.4
18272,2,9,487.3
18273,2,4,89.2
18274,30,1,175.9
18275,578,2,370.9
18276,43,6,276.1
18277,58,5,236
18278,73,2,207.1
18279,519,1,231.3
18280,277,2,244.1
18281,180,2,100.6
18282,7,2,89
18284,431,1,461.7
18285,660,1,427
18286,476,2,648.2
18287,42,7,597.6
